"list-image src","list-image src 2","list-image src 3","list-image src 4","list-image src 5","image href","img-responsive src","product-name","product-desc","r-number","price","price 2","label-sale","price-old","price-old 2","price-new"
"https://choco-yummy.com.ua/image/cache/catalog/Products/Shokolad/shokolad-lotus-biscoff-milk-chocolate-biscoff-spread-180g-3-50x50.webp","https://choco-yummy.com.ua/image/cache/catalog/Products/Shokolad/shokolad-lotus-biscoff-milk-chocolate-biscoff-spread-180g-5-50x50.webp","https://choco-yummy.com.ua/image/cache/catalog/Products/Shokolad/shokolad-lotus-biscoff-milk-chocolate-biscoff-spread-180g-6-50x50.webp","https://choco-yummy.com.ua/image/cache/catalog/Products/Shokolad/shokolad-lotus-biscoff-milk-chocolate-biscoff-spread-180g-1-50x50.webp","https://choco-yummy.com.ua/image/cache/catalog/Products/Shokolad/shokolad-lotus-biscoff-milk-chocolate-biscoff-spread-180g-2-50x50.webp","https://choco-yummy.com.ua/ua/lotus-biscoff-milk-chocolate-biscoff-spread-180g","https://choco-yummy.com.ua/image/cache/catalog/Products/Shokolad/shokolad-lotus-biscoff-milk-chocolate-biscoff-spread-180g-4-200x200.webp","Шоколад з печивом Lotus Biscoff Milk Chocolate Biscoff Spread 180г","Цей шоколад не має собі рівних..","0.0","649","грн.","","","",""
"https://choco-yummy.com.ua/image/cache/catalog/Products/Shokolad/kinder-easter-heart-2-50x50.webp","","","","","https://choco-yummy.com.ua/ua/kinder-uberraschung-easter-heart","https://choco-yummy.com.ua/image/cache/catalog/photo-2026-03-13-12-52-40-200x200.webp","Kinder Uberraschung Великоднє Серце 53G","Як часто через проблеми, складності та купу справ ми забуваємо говорити близьким, що любимо їх?Xас в..","5.0","","","-43%","349","грн.","199"
"https://choco-yummy.com.ua/image/cache/catalog/Products/Shokolad/nabir-yaec-kinder-joy-funko-pop-harry-potter-return-hogwards-3x20g-4-50x50.webp","https://choco-yummy.com.ua/image/cache/catalog/Products/Shokolad/nabir-yaec-kinder-joy-funko-pop-harry-potter-return-hogwards-3x20g-2-50x50.webp","https://choco-yummy.com.ua/image/cache/catalog/Products/Shokolad/nabir-yaec-kinder-joy-funko-pop-harry-potter-return-hogwards-3x20g-3-50x50.webp","https://choco-yummy.com.ua/image/cache/catalog/Products/Shokolad/blok-yaec-kinder-joy-funko-pop-harry-potter-return-hogvards-72x20g-5-50x50.webp","","https://choco-yummy.com.ua/ua/kinder-joy-funko-pop-harry-potter-return-hogwards-3x20g","https://choco-yummy.com.ua/image/cache/catalog/Products/Shokolad/nabir-yaec-kinder-joy-funko-pop-harry-potter-return-hogwards-3x20g-1-200x200.webp","Kinder Гаррі Поттер Kinder Joy Funko Pop Harry Potter Return to Hogwarts Набір яєць 3x20г","Ну що, гриффіндорці, повертаємося до Хоґвортсу?У кожному яйці — дві половинки:друга — капсула з екск..","0.0","549","грн.","","","",""
"https://choco-yummy.com.ua/image/cache/catalog/Products/Shokolad/yajce-kinder-surprise-fairy-disney-egg-20g-5-50x50.webp","https://choco-yummy.com.ua/image/cache/catalog/Products/Shokolad/yajce-kinder-surprise-fairy-disney-egg-20g-1-50x50.webp","https://choco-yummy.com.ua/image/cache/catalog/Products/Shokolad/yajce-kinder-surprise-fairy-disney-egg-20g-3-50x50.webp","https://choco-yummy.com.ua/image/cache/catalog/Products/Shokolad/yajce-kinder-surprise-fairy-disney-egg-20g-2-50x50.webp","https://choco-yummy.com.ua/image/cache/catalog/Products/Shokolad/yajce-kinder-surprise-fairy-disney-egg-20g-4-50x50.webp","https://choco-yummy.com.ua/ua/kinder-surprise-fairy-disney-egg-20g","https://choco-yummy.com.ua/image/cache/catalog/Products/Shokolad/yajce-kinder-surprise-fairy-disney-egg-20g-6-200x200.webp","Kinder для дівчаток Kinder Surprise Fairy Disney Egg Феї 20г","Крильця, блискітки... справжня магія!Тепер додамо інтриги: на вкладишах є код Applaydu — значить, гр..","0.0","89","грн.","","","",""
"https://choco-yummy.com.ua/image/cache/catalog/Products/Shokolad/milka-bubbly-white-95-50x50.webp","","","","","https://choco-yummy.com.ua/ua/milka-bubbly-white","https://choco-yummy.com.ua/image/cache/catalog/Products/Shokolad/milka-bubbly-white-95-200x200.webp","Milka Bubbly Білий 95г","Фіолетова корівка не перестає нас радувати, тому приготуйтеся до чергової смакоти в нашому асортимен..","0.0","99","грн.","","","",""
"https://choco-yummy.com.ua/image/cache/catalog/Products/Shokolad/milka-hazelnut-50x50.webp","","","","","https://choco-yummy.com.ua/ua/milka-hazelnut","https://choco-yummy.com.ua/image/cache/catalog/Products/Shokolad/milka-hazelnut-200x200.webp","Milka Hazelnut","Смачний молочний шоколад Milka Hazelnut поєднаний з меленим лісовим горіхом...","0.0","99","грн.","","","",""
"","","","","","https://choco-yummy.com.ua/ua/milka-mmax-nussini","https://choco-yummy.com.ua/image/cache/catalog/Products/Shokolad/milka-mmax-nussini-200x200.webp","Milka mmax Nusinni 270g","Супер велика, супер смачна та супер горіхова - Milka mmax Nusinni 270g!!!!!Milka mmax Nusinni - це н..","0.0","259","грн.","","","",""
"https://choco-yummy.com.ua/image/cache/catalog/Products/Shokolad/milka-noisette300-50x50.webp","","","","","https://choco-yummy.com.ua/ua/milka-noisette300","https://choco-yummy.com.ua/image/cache/catalog/Products/Shokolad/milka-noisette300-200x200.webp","Milka Noisette 270г","Milka Noisette – це велика плитка справжнього задоволення. Ніжний альпійський шоколад просто тане в ..","0.0","269","грн.","","","",""
"https://choco-yummy.com.ua/image/cache/catalog/Products/Shokolad/milka-oreo-choco1-50x50.webp","","","","","https://choco-yummy.com.ua/ua/milka-oreo-brownie","https://choco-yummy.com.ua/image/cache/catalog/Products/Shokolad/milka-oreo-choco1-200x200.webp","Milka Oreo Brownie 100г","НЕРЕАЛЬНО НОВА Будемо дивувати!) Тепер у нас ще більше оригінальної Мілки з незвичайними с..","0.0","99","грн.","","","",""
"","","","","","https://choco-yummy.com.ua/ua/milka-peanut-crisp","https://choco-yummy.com.ua/image/cache/catalog/Products/Shokolad/milka-peanut-crispy-caramel-90-200x200.webp","Milka Peanut Crisp Caramel","Шоколад Мілка молочний з карамеллю і арахісом - це чудовий шоколад для любителів солодких ласощів. І..","0.0","99","грн.","","","",""
"https://choco-yummy.com.ua/image/cache/catalog/Products/Shokolad/milka-trauben-nuss-100g1-50x50.webp","https://choco-yummy.com.ua/image/cache/catalog/Products/Shokolad/milka-trauben-nuss-100g2-50x50.webp","","","","https://choco-yummy.com.ua/ua/milka-trauben-nuss-100","https://choco-yummy.com.ua/image/cache/catalog/Products/Shokolad/milka-trauben-nuss-100g-200x200.webp","Milka Raisins Hazelnuts 100г","Шоколаду MILKA багато не буває! Тепер у нас ще більше оригінальної Мілки з незвичайними смаками..","0.0","99","грн.","","","",""
"https://choco-yummy.com.ua/image/cache/catalog/Products/Shokolad/milka-trauben-nuss-3001-50x50.webp","","","","","https://choco-yummy.com.ua/ua/milka-trauben-nuss-300","https://choco-yummy.com.ua/image/cache/catalog/Products/Shokolad/milka-trauben-nuss-300-200x200.webp","Milka Trauben Nuss Родзинки і Горіхи 270г","Великі 300 грамові MILKA вже тут!) Для тих, кому мало звичайної порції) • MILKA TRAUBEN-NU..","0.0","259","грн.","","","",""
"https://choco-yummy.com.ua/image/cache/catalog/Products/Shokolad/milka-triolade-3001-50x50.webp","https://choco-yummy.com.ua/image/cache/catalog/Products/Shokolad/milka-triolade-3000-50x50.webp","https://choco-yummy.com.ua/image/cache/catalog/Products/Shokolad/milka-triolade-3002-50x50.webp","","","https://choco-yummy.com.ua/ua/milka-triolade280","https://choco-yummy.com.ua/image/cache/catalog/Products/Shokolad/milka-triolade280-200x200.webp","Milka Triolade 300г","Великі 300 грамові MILKA вже тут!) Для тих, кому мало звичайної порції) • MILKA TRIOLADE –..","0.0","279","грн.","","","",""
"https://choco-yummy.com.ua/image/cache/catalog/Products/Shokolad/milka-whole-hazelnuts300-50x50.webp","","","","","https://choco-yummy.com.ua/ua/milka-whole-hazelnuts300","https://choco-yummy.com.ua/image/cache/catalog/Products/Shokolad/milka-whole-hazelnuts300-200x200.webp","Milka Whole Hazelnuts 270г","Шоколад Мілка з цільними лісовими горіхами. Неповторний смак, вдале і багатьма улюблене поєднання ні..","0.0","259","грн.","","","",""
"https://choco-yummy.com.ua/image/cache/catalog/Products/Shokolad/milka-daim-100g2-50x50.webp","https://choco-yummy.com.ua/image/cache/catalog/Products/Shokolad/shokolad-milka-daim-2-50x50.webp","https://choco-yummy.com.ua/image/cache/catalog/Products/Shokolad/shokolad-milka-daim-3-50x50.webp","","","https://choco-yummy.com.ua/ua/milka-daim","https://choco-yummy.com.ua/image/cache/catalog/Products/Shokolad/shokolad-milka-daim-1-200x200.webp","Milka Карамель Daim 100г","Шоколад зі шматочками карамелі звучить надто звичайно, але що якщо додати до цього трохи солі?Так і ..","0.0","99","грн.","","","",""
"","","","","","https://choco-yummy.com.ua/ua/milka-schoko-bisquit","https://choco-yummy.com.ua/image/cache/catalog/Products/Shokolad/milka-mmmax-schoko-and-keks-300-200x200.webp","Milka Печиво Бісквіт 300г","Ми подумали і вирішили!) Вирішили зібрати повну колекцію 300г шоколадок у себе в магазині!)&nbs..","0.0","259","грн.","","","",""
"https://choco-yummy.com.ua/image/cache/catalog/Products/Shokolad/milka-strawberry-300-50x50.webp","","","","","https://choco-yummy.com.ua/ua/milka-strawberry","https://choco-yummy.com.ua/image/cache/catalog/Products/Shokolad/milka-strawberry-300-200x200.webp","Milka Полуниця 300г","Для тих, кому мало звичайної порції) • MILKA STRAWBERRY MMMAX ― це шматочок літа навіть в самий..","5.0","269","грн.","","","",""
"https://choco-yummy.com.ua/image/cache/catalog/Products/Shokolad/milka-truffle-and-almonds1-50x50.webp","","","","","https://choco-yummy.com.ua/ua/milka-truffle-and-almonds","https://choco-yummy.com.ua/image/cache/catalog/znimokekrana2025-01-17o13.08.08-200x200.webp","Milka Трюфель Мигдаль 300г","Колекція величезних Milka продовжує поповнюватись!Милка з начинкою з ніжного трюфеля зі шматочками м..","0.0","279","грн.","","","",""
"https://choco-yummy.com.ua/image/cache/catalog/Products/Shokolad/toblerone-dark-chocolate-with-honey-and-almond-nougat-50x50.webp","","","","","https://choco-yummy.com.ua/ua/toblerone-dark-chocolate-with-honey-and-almond-nougat","https://choco-yummy.com.ua/image/cache/catalog/Products/Shokolad/toblerone-dark-chocolate-with-honey-and-almond-nougat-200x200.webp","Toblerone Dark Chocolate With Honey & Almond Nougat","Шоколад Toblerone Dark Chocolane Honey Almond Nougat - це найсмачніший чорний швейцарський шоколад у..","0.0","149","грн.","","","",""
"https://choco-yummy.com.ua/image/cache/catalog/Products/Shokolad/toblerone-milk-chocolate-with-honey-and-almond-nougat-50x50.webp","","","","","https://choco-yummy.com.ua/ua/toblerone-milk-chocolate-with-honey-and-almond-nougat","https://choco-yummy.com.ua/image/cache/catalog/Products/Shokolad/toblerone-milk-chocolate-with-honey-and-almond-nougat-200x200.webp","Toblerone Milk Chocolate With Honey & Almond Nougat","Всім підкорювачам гір приготується! Адже у нас з'явилася нова вершина для ваших смакових сходжень!To..","0.0","149","грн.","","","",""
"https://choco-yummy.com.ua/image/cache/catalog/Products/Shokolad/toblerone-milk-chocolate-with-honey-and-almond-nougat35-50x50.webp","","","","","https://choco-yummy.com.ua/ua/toblerone-milk-chocolate-with-honey-and-almond-nougat35","https://choco-yummy.com.ua/image/cache/catalog/Products/Shokolad/toblerone-milk-chocolate-with-honey-and-almond-nougat35-200x200.webp","Toblerone Milk Chocolate With Honey & Almond Nougat 35г","Toblerone Milk Chocolate With Honey & Almond Nougat - Ніжний молочний шоколад із різних сортів к..","0.0","49","грн.","","","",""
"https://choco-yummy.com.ua/image/cache/catalog/Products/Shokolad/toblerone-white-chocolate-with-honey-and-almond-nougat-50x50.webp","","","","","https://choco-yummy.com.ua/ua/toblerone-white-chocolate-with-honey-and-almond-nougat","https://choco-yummy.com.ua/image/cache/catalog/Products/Shokolad/toblerone-white-chocolate-with-honey-and-almond-nougat-200x200.webp","Toblerone White Chocolate With Honey & Almond Nougat","Шоколад Toblerone White Chocolate With Honey & Almond Nougat ― ексклюзивний швейцарський шо..","0.0","149","грн.","","","",""
"https://choco-yummy.com.ua/image/cache/catalog/Products/Shokolad/toblerone-fruit-nut-50x50.webp","","","","","https://choco-yummy.com.ua/ua/toblerone-fruit-nut","https://choco-yummy.com.ua/image/cache/catalog/Products/Shokolad/toblerone-fruit-nut-200x200.webp","Toblerone Родзинки Мед Мигдальний Нуга","Швейцарський шоколад преміум-якості TOBLERONE! ⠀Шоколадка виконана у формі маленьких пірамідок ..","0.0","139","грн.","","","",""
"https://choco-yummy.com.ua/image/cache/catalog/Products/Drugoe/star-wars-mandalorian-christmas-advent-calendar-50g_2-50x50.webp","https://choco-yummy.com.ua/image/cache/catalog/Products/Drugoe/star-wars-mandalorian-christmas-advent-calendar-50g_1-50x50.webp","https://choco-yummy.com.ua/image/cache/catalog/Products/Drugoe/star-wars-mandalorian-christmas-advent-calendar-50g_5-50x50.webp","https://choco-yummy.com.ua/image/cache/catalog/Products/Drugoe/star-wars-mandalorian-christmas-advent-calendar-50g_4-50x50.webp","","https://choco-yummy.com.ua/ua/2023-star-wars-mandalorian-christmas-advent-calendar-50g","https://choco-yummy.com.ua/image/cache/catalog/Products/Drugoe/star-wars-mandalorian-christmas-advent-calendar-50g_3-200x200.webp","Адвент календар 2023 з шоколадками Star Wars Mandalorian Christmas Advent Calendar 50г","У Всесвіті ""Зоряних воєн"" роздають подарунки! Напередодні свят ми вирішили потішити всіх шанувальник..","0.0","399","грн.","","","",""
"https://choco-yummy.com.ua/image/cache/catalog/Products/Drugoe/kinder_uberraschung_advent_calendar_480g_4-50x50.webp","https://choco-yummy.com.ua/image/cache/catalog/Products/Drugoe/kinder_uberraschung_advent_calendar_480g_5-50x50.webp","https://choco-yummy.com.ua/image/cache/catalog/Products/Drugoe/kinder_uberraschung_advent_calendar_480g_1-50x50.webp","https://choco-yummy.com.ua/image/cache/catalog/Products/Drugoe/kinder_uberraschung_advent_calendar_480g_2-50x50.webp","https://choco-yummy.com.ua/image/cache/catalog/Products/Drugoe/kinder_uberraschung_advent_calendar_480g_3-50x50.webp","https://choco-yummy.com.ua/ua/kinder-uberraschung-advent-calendar-480g","https://choco-yummy.com.ua/image/cache/catalog/Products/Drugoe/kinder_uberraschung_advent_calendar_480g_6-200x200.webp","Адвент Календар 3D Кіндер Сюрприз Kinder Uberraschung Новорічний 480г","Це справжня різдвяна магія для любителів яєць Кіндер Сюрприз! В Адвент Календарі Kinder Uberraschung..","0.0","","","-50%","2 499","грн.","1 249"
"https://choco-yummy.com.ua/image/cache/catalog/Products/Drugoe/albert_son_advent_calendar_50g_4-50x50.jpg","https://choco-yummy.com.ua/image/cache/catalog/Products/Drugoe/albert_son_advent_calendar_50g_2-50x50.jpg","https://choco-yummy.com.ua/image/cache/catalog/Products/Drugoe/albert_son_advent_calendar_50g_3-50x50.jpg","","","https://choco-yummy.com.ua/ua/albert-son-advent-calendar-car-50g","https://choco-yummy.com.ua/image/cache/catalog/Products/Drugoe/albert_son_advent_calendar_car_50g-200x200.jpg","Адвент Календар Albert & Son Car Шоколадні фігурки 50г","З Адвент календарем від Albert & Son нудьгувати у грудні вам точно не доведеться) Відкривайте пе..","0.0","249","грн.","","","",""
"https://choco-yummy.com.ua/image/cache/catalog/Products/Drugoe/albert_son_advent_calendar_50g_4-50x50.jpg","https://choco-yummy.com.ua/image/cache/catalog/Products/Drugoe/albert_son_advent_calendar_50g_2-50x50.jpg","https://choco-yummy.com.ua/image/cache/catalog/Products/Drugoe/albert_son_advent_calendar_50g_3-50x50.jpg","","","https://choco-yummy.com.ua/ua/albert-son-advent-calendar-snowman-50g","https://choco-yummy.com.ua/image/cache/catalog/Products/Drugoe/albert_son_advent_calendar_snowman_50g_1-200x200.jpg","Адвент Календар Albert & Son Snowman Шоколадні фігурки 50г","Цей милий сніговик знає як подарувати вам солодкий грудень!Відкривайте вранці одну дверцята і отриму..","0.0","249","грн.","","","",""
"https://choco-yummy.com.ua/image/cache/catalog/Products/Drugoe/albert_son_advent_calendar_50g_4-50x50.jpg","https://choco-yummy.com.ua/image/cache/catalog/Products/Drugoe/albert_son_advent_calendar_50g_2-50x50.jpg","https://choco-yummy.com.ua/image/cache/catalog/Products/Drugoe/albert_son_advent_calendar_50g_3-50x50.jpg","","","https://choco-yummy.com.ua/ua/albert-son-advent-calendar-santa-50g","https://choco-yummy.com.ua/image/cache/catalog/Products/Drugoe/albert_son_advent_calendar_santa_50g_1-200x200.jpg","Адвент Календар Alberts Santa Шоколадні фігурки 50г","Санта з мішком подарунків вже чекає! Але спочатку вам доведеться пройти шоколадний квест)дзвіночок,я..","0.0","249","грн.","","","",""
"","","","","","https://choco-yummy.com.ua/ua/disney-mickey-mouse-advent-calendar-milk-chocolate-50g","https://choco-yummy.com.ua/image/cache/catalog/Products/Advent_Calendar/303349-1-snimek-obrazovky-2025-09-11-072242-200x200.jpg","Адвент Календар Disney Mickey Mouse Advent Milk Chocolate Міккі Маус 50г","Хочете, щоб ваші діти з задоволенням чекали на Санта-Клауса? Покладіть їм під ялинку Адвент-календар..","0.0","179","грн.","","","",""
"https://choco-yummy.com.ua/image/cache/catalog/Products/Advent_Calendar/advent-kalendar-frankford-disney-stitch-merry-stitchmas-50g-1-50x50.jpg","","","","","https://choco-yummy.com.ua/ua/disney-stitch-merry-stitchmas-50g","https://choco-yummy.com.ua/image/cache/catalog/Products/Advent_Calendar/advent-kalendar-frankford-disney-stitch-merry-stitchmas-50g-2-200x200.jpg","Адвент Календар Frankford Disney Stitch Merry Stitchmas Стіч 50г","Адвент-календар Merry Stitchmas — чудовий спосіб для малюків відраховувати дні до Нового року разом ..","0.0","299","грн.","","","",""
"","","","","","https://choco-yummy.com.ua/ua/2448","https://choco-yummy.com.ua/image/cache/catalog/Products/Advent_Calendar/advent-calendar-milka-santa-200x200.jpg","Адвент календар Milka","Милий спосіб наповнити грудень чарівництвом.Такий календар сподобається всім: дітям, дорослим і тим,..","0.0","","","-25%","399","грн.","299"
"https://choco-yummy.com.ua/image/cache/catalog/Products/Shokolad/milka-alune-hazelnuts-50x50.jpg","","","","","https://choco-yummy.com.ua/ua/2399","https://choco-yummy.com.ua/image/cache/catalog/Products/Shokolad/milka-alune-hazelnuts-200x200.jpg","Адвент Календар Milka Advent з солодощами та іграшками","2399, Адвент Календар Milka Advent з солодощами та іграшками, , 1 299 грн., Milka Advent 143g, Milka..","0.0","1 299","грн.","","","",""
"https://choco-yummy.com.ua/image/cache/catalog/Products/Advent_Calendar/advent-calendar-sexy-xmas-bakery-woman-75g-3-50x50.jpg","https://choco-yummy.com.ua/image/cache/catalog/Products/Advent_Calendar/advent-calendar-sexy-xmas-bakery-woman-75g-4-50x50.jpg","https://choco-yummy.com.ua/image/cache/catalog/Products/Advent_Calendar/advent-calendar-sexy-xmas-bakery-woman-75g-2-50x50.jpg","","","https://choco-yummy.com.ua/ua/advent-calendar-sexy-xmas-bakery-woman-75g","https://choco-yummy.com.ua/image/cache/catalog/Products/Advent_Calendar/advent-calendar-sexy-xmas-bakery-woman-75g-1-200x200.jpg","Адвент Календар Sexy XMAS Bakery Woman 75г","Готуйтеся, хлопці, до легкого хвилювання і флірту. На вас чекає не місяць мандаринок, а солодкі спок..","0.0","199","грн.","","","",""
"https://choco-yummy.com.ua/image/cache/catalog/Products/Drugoe/terrys_chocolate_orange_advent_calendar_106g_5-50x50.jpg","https://choco-yummy.com.ua/image/cache/catalog/Products/Drugoe/terrys_chocolate_orange_advent_calendar_106g_3-50x50.jpg","https://choco-yummy.com.ua/image/cache/catalog/Products/Drugoe/terrys_chocolate_orange_advent_calendar_106g_7-50x50.jpg","","","https://choco-yummy.com.ua/ua/terrys-chocolate-orange-advent-calendar-106g","https://choco-yummy.com.ua/image/cache/catalog/Products/Drugoe/terrys_chocolate_orange_advent_calendar_106g_4-200x200.jpg","Адвент Календар Terrys Chocolate Orange Шоколадний Апельсин 106г","Найочікуваніший Адвент Календар для любителів шоколадного апельсина Terrys!Тепер ласуни можуть насол..","0.0","499","грн.","","","",""
"","","","","","https://choco-yummy.com.ua/ua/kinnerton-hot-wheels-advent-calendar-40g","https://choco-yummy.com.ua/image/cache/catalog/Products/Drugoe/kinnerton_hot_wheels_advent_calendar_40g-200x200.jpg","Адвент Календар із шоколадками Хот Вілс Kinnerton Hot Wheels Advent Calendar 40г","Ну що, погнали?! Напередодні новорічних свят саме час влаштувати шалені перегони! Спеціально для люб..","0.0","199","грн.","","","",""
"https://choco-yummy.com.ua/image/cache/catalog/Products/Advent_Calendar/advent-calendar-frankford-disney-holiday-50g-2-50x50.jpg","https://choco-yummy.com.ua/image/cache/catalog/Products/Advent_Calendar/advent-calendar-frankford-disney-holiday-50g-5-50x50.jpg","https://choco-yummy.com.ua/image/cache/catalog/Products/Advent_Calendar/advent-calendar-frankford-disney-holiday-50g-4-50x50.jpg","https://choco-yummy.com.ua/image/cache/catalog/Products/Advent_Calendar/advent-calendar-frankford-disney-holiday-50g-3-50x50.jpg","https://choco-yummy.com.ua/image/cache/catalog/Products/Advent_Calendar/advent-calendar-frankford-disney-holiday-50g-6-50x50.jpg","https://choco-yummy.com.ua/ua/frankford-disney-holiday-countdown-calendar-50g","https://choco-yummy.com.ua/image/cache/catalog/Products/Advent_Calendar/advent-calendar-frankford-disney-holiday-50g-1-1-200x200.jpg","Адвент Календар для дівчаток Frankford Disney Holiday Countdown Calendar Дісней 50г","В адвенті 24 шоколадки із зображенням героїв Діснея.На звороті - прикраси, які можна розфарбувати, в..","0.0","349","грн.","","","",""
"https://choco-yummy.com.ua/image/cache/catalog/Products/Drugoe/kinnerton_bluey_advent_calendar_40g_2-50x50.jpg","https://choco-yummy.com.ua/image/cache/catalog/Products/Drugoe/kinnerton_bluey_advent_calendar_40g_4-50x50.jpg","https://choco-yummy.com.ua/image/cache/catalog/Products/Drugoe/kinnerton_bluey_advent_calendar_40g_5-50x50.jpg","https://choco-yummy.com.ua/image/cache/catalog/Products/Drugoe/kinnerton_bluey_advent_calendar_40g_3-50x50.jpg","","https://choco-yummy.com.ua/ua/kinnerton-bluey-advent-calendar-40g","https://choco-yummy.com.ua/image/cache/catalog/Products/Drugoe/kinnerton_bluey_advent_calendar_40g_1-200x200.jpg","Адвент Календар для дітей Kinnerton Bluey Advent Calendar Блуї 40г","Малюки дуже чекають на новорічні свята. З цікавим і непосидючим Блуї їм буде набагато веселіше відра..","0.0","199","грн.","","","",""
"https://choco-yummy.com.ua/image/cache/catalog/Products/Drugoe/adventskalender_sexy_xmas_craftsmen_75g_3-50x50.jpg","https://choco-yummy.com.ua/image/cache/catalog/Products/Drugoe/adventskalender_sexy_xmas_craftsmen_75g_2-50x50.jpg","","","","https://choco-yummy.com.ua/ua/adventskalender-sexy-xmas-craftsmen-75g","https://choco-yummy.com.ua/image/cache/catalog/Products/Drugoe/adventskalender_sexy_xmas_craftsmen_75g_1-200x200.jpg","Адвент Календар для жінок Sexy Xmas Craftsmen 75г","Авжеж, дівчата, Адвент календар Sexy Xmas Craftsmen точно змусить ваші серця битися швидше. Приготуй..","0.0","199","грн.","","","",""
"https://choco-yummy.com.ua/image/cache/catalog/Products/Drugoe/adventskalender_sexy_xmas_women_at_work_75g_3-50x50.jpg","https://choco-yummy.com.ua/image/cache/catalog/Products/Drugoe/adventskalender_sexy_xmas_women_at_work_75g_2-50x50.jpg","","","","https://choco-yummy.com.ua/ua/adventskalender-sexy-xmas-women-at-work-75g","https://choco-yummy.com.ua/image/cache/catalog/Products/Drugoe/adventskalender_sexy_xmas_women_at_work_75g_1-200x200.jpg","Адвент календар для чоловіків Sexy Xmas Women at Work 75г","Тримайтеся, хлопці! З Адвент календарем Sexy Xmas Women at Work зимовий фест буде дуже «гарячим».Адв..","0.0","199","грн.","","","",""
"https://choco-yummy.com.ua/image/cache/catalog/Products/Drugoe/adventcalendar_paw_patrol_merry_christmas_75g_1-50x50.jpg","","","","","https://choco-yummy.com.ua/ua/adventcalendar-paw-patrol-merry-christmas-75g","https://choco-yummy.com.ua/image/cache/catalog/Products/Drugoe/adventcalendar_paw_patrol_merry_christmas_75g_2-200x200.jpg","Адвент календар з шоколадками Щенячий Патруль Paw Patrol Merry Christmas 75г","Відважні та добрі цуценята з Paw Patrol готові почати відраховувати дні до Нового року! Хлопчикам і ..","0.0","199","грн.","","","",""
"https://choco-yummy.com.ua/image/cache/catalog/Products/Drugoe/advent_kalendar_paw_patrol_merry_christmas_75_g_2-50x50.png","https://choco-yummy.com.ua/image/cache/catalog/Products/Drugoe/advent_kalendar_paw_patrol_merry_christmas_75_g_3-50x50.jpg","https://choco-yummy.com.ua/image/cache/catalog/Products/Drugoe/advent_kalendar_paw_patrol_merry_christmas_75_g_1-50x50.jpg","","","https://choco-yummy.com.ua/ua/advent-kalendar-paw-patrol-merry-christmas-75-g","https://choco-yummy.com.ua/image/cache/catalog/Products/Drugoe/advent_kalendar_paw_patrol_merry_christmas_75_g-200x200.jpg","Адвент календар з шоколадками Щенячий Патруль Paw Patrol Merry Christmas 75г","Малюки в очікуванні свят завжди дуже переживають. Чи отримає лист Дід Мороз, чи приїде на Новий рік?..","0.0","199","грн.","","","",""
"https://choco-yummy.com.ua/image/cache/catalog/Products/Drugoe/maltesers_reindeer_chocolate_christmas_advent_calendar_108g_2-50x50.jpg","","","","","https://choco-yummy.com.ua/ua/maltesers-reindeer-chocolate-christmas-advent-calendar-108g","https://choco-yummy.com.ua/image/cache/catalog/Products/Drugoe/maltesers_reindeer_chocolate_christmas_advent_calendar_108g_1-200x200.jpg","Адвент календар з шоколадними оленями Maltesers Reindeer Chocolate Christmas Advent Calendar 108г","Нехай ваш грудень стане ще більш особливим! Адвент календар Maltesers Reindeer Chocolate Christmas -..","0.0","","","-38%","339","грн.","209"
"https://choco-yummy.com.ua/image/cache/catalog/Products/Drugoe/kinder_3d_house_advent_calendar_234g_1-50x50.jpg","https://choco-yummy.com.ua/image/cache/catalog/Products/Drugoe/kinder_3d_house_advent_calendar_234g_3-50x50.jpg","https://choco-yummy.com.ua/image/cache/catalog/Products/Drugoe/kinder_3d_house_advent_calendar_234g_4-50x50.jpg","https://choco-yummy.com.ua/image/cache/catalog/Products/Drugoe/kinder_3d_house_advent_calendar_234g_5-50x50.jpg","","https://choco-yummy.com.ua/ua/kinder-3d-house-advent-calendar-234g","https://choco-yummy.com.ua/image/cache/catalog/Products/Drugoe/kinder_3d_house_advent_calendar_234g_2-200x200.jpg","Адвент Календар Кіндер Будиночок 3D з цукерками та шоколадом Kinder House Advent Calendar 234г","Починаємо рахувати дні до Нового року! Адвент календар Kinder Будиночок 3D - чарівний набір улюблени..","0.0","","","-42%","1 199","грн.","699"
"https://choco-yummy.com.ua/image/cache/catalog/Products/Drugoe/milka_advent_calendar_200g_1-50x50.jpg","https://choco-yummy.com.ua/image/cache/catalog/Products/Drugoe/milka_advent_calendar_200g_2-50x50.jpg","","","","https://choco-yummy.com.ua/ua/milka-advent-calendar-200g","https://choco-yummy.com.ua/image/cache/catalog/Products/Drugoe/milka_advent_calendar_200g-200x200.jpg","Адвент Календар Мілка з шоколадними фігурками Milka Advent Calendar ""Санта з санями"" 200г","Найулюбленіша альпійська корівка Мілка готова відраховувати дні до різдвяних свят!Для всіх шанувальн..","0.0","899","грн.","","","",""
"https://choco-yummy.com.ua/image/cache/catalog/Anew/%D0%BD%D0%BE%D1%8F%D0%B1%D1%80%D1%8C/from%2027.11/1-18/12-Disney%20Pixar/disney-pixar-cars-lightning-2-50x50.png","https://choco-yummy.com.ua/image/cache/catalog/Anew/%D0%BD%D0%BE%D1%8F%D0%B1%D1%80%D1%8C/from%2027.11/1-18/12-Disney%20Pixar/disney-pixar-cars-lightning-3-50x50.png","https://choco-yummy.com.ua/image/cache/catalog/Anew/%D0%BD%D0%BE%D1%8F%D0%B1%D1%80%D1%8C/from%2027.11/1-18/12-Disney%20Pixar/disney-pixar-cars-lightning-4-50x50.png","https://choco-yummy.com.ua/image/cache/catalog/Anew/%D0%BD%D0%BE%D1%8F%D0%B1%D1%80%D1%8C/from%2027.11/1-18/12-Disney%20Pixar/disney-pixar-cars-lightning5-50x50.png","","https://choco-yummy.com.ua/ua/disney-pixar-cars-lightning-mcqueen-advent-calendar-50g","https://choco-yummy.com.ua/image/cache/catalog/Anew/%D0%BD%D0%BE%D1%8F%D0%B1%D1%80%D1%8C/from%2027.11/1-18/12-Disney%20Pixar/disney-pixar-cars-lightning-1-200x200.png","Адвент-календар Disney Pixar Cars Lightning McQueen Advent Calendar з молочними шоколадками 50г","Адвент-календар Disney Pixar Cars Lightning McQueen Advent Calendar — солодке очікування свята з улю..","0.0","199","грн.","","","",""
"https://choco-yummy.com.ua/image/cache/catalog/Anew/%D0%BD%D0%BE%D1%8F%D0%B1%D1%80%D1%8C/3-ak/kinnerton-hot-wheels-advent-calendar-2-50x50.png","https://choco-yummy.com.ua/image/cache/catalog/Anew/%D0%BD%D0%BE%D1%8F%D0%B1%D1%80%D1%8C/3-ak/kinnerton-hot-wheels-advent-calendar-3-50x50.png","https://choco-yummy.com.ua/image/cache/catalog/Anew/%D0%BD%D0%BE%D1%8F%D0%B1%D1%80%D1%8C/3-ak/kinnerton-hot-wheels-advent-calendar-4-50x50.png","","","https://choco-yummy.com.ua/ua/kinnerton-netflix-hot-wheels-advent-calendar","https://choco-yummy.com.ua/image/cache/catalog/Anew/%D0%BD%D0%BE%D1%8F%D0%B1%D1%80%D1%8C/3-ak/kinnerton-hot-wheels-advent-calendar-200x200.png","Адвент-календар Kinnerton Netflix Hot Wheels Let's Race Advent Calendar з шоколадками 40 г.","Адвент-календар Kinnerton Netflix Hot Wheels Let's Race 40 г — солодке очікування Різдва в стил..","0.0","199","грн.","","","",""
"https://choco-yummy.com.ua/image/cache/catalog/Anew/%D0%BD%D0%BE%D1%8F%D0%B1%D1%80%D1%8C/3-ak/kinnerton-paw-patrol-advent-calendar-2-50x50.png","https://choco-yummy.com.ua/image/cache/catalog/Anew/%D0%BD%D0%BE%D1%8F%D0%B1%D1%80%D1%8C/3-ak/kinnerton-paw-patrol-advent-calendar-3-50x50.png","https://choco-yummy.com.ua/image/cache/catalog/Anew/%D0%BD%D0%BE%D1%8F%D0%B1%D1%80%D1%8C/3-ak/kinnerton-paw-patrol-advent-calendar-4-50x50.png","","","https://choco-yummy.com.ua/ua/kinnerton-paw-patrol-christmas-advent-calendar","https://choco-yummy.com.ua/image/cache/catalog/Anew/%D0%BD%D0%BE%D1%8F%D0%B1%D1%80%D1%8C/3-ak/kinnerton-paw-patrol-advent-calendar-1-200x200.png","Адвент-Календар Kinnerton Paw Patrol Christmas Advent Calendar з шоколадками 40 г.","Адвент-календар Kinnerton Paw Patrol 40 г — шоколадна казка з героями улюбленого мультфільму!Привіт,..","0.0","199","грн.","","","",""
"https://choco-yummy.com.ua/image/cache/catalog/Products/Shokolad/terry_s_chocolate_orange_mint_145g_1-50x50.jpg","https://choco-yummy.com.ua/image/cache/catalog/Products/Shokolad/terry_s_chocolate_orange_mint_145g_3-50x50.jpg","https://choco-yummy.com.ua/image/cache/catalog/Products/Shokolad/terry_s_chocolate_orange_mint_145g_2-50x50.jpg","","","https://choco-yummy.com.ua/ua/terry-s-chocolate-orange-mint-145g","https://choco-yummy.com.ua/image/cache/catalog/Products/Shokolad/terry_s_chocolate_orange_mint_145g-200x200.jpg","Апельсин шоколадний з м'ятою Terry s Chocolate Orange Mint 145г","А ви вже пробували?)У нашому асортименті з'явилася м'ятна версія шоколадного апельсина Terry s. ..","0.0","199","грн.","","","",""
"https://choco-yummy.com.ua/image/cache/catalog/Products/Shokolad/shokolad-lindt-nuss-selection-weiss-mandel-150g-5-50x50.jpg","https://choco-yummy.com.ua/image/cache/catalog/Products/Shokolad/shokolad-lindt-nuss-selection-weiss-mandel-150g-3-50x50.jpg","https://choco-yummy.com.ua/image/cache/catalog/Products/Shokolad/shokolad-lindt-nuss-selection-weiss-mandel-150g-4-50x50.jpg","https://choco-yummy.com.ua/image/cache/catalog/Products/Shokolad/shokolad-lindt-nuss-selection-weiss-mandel-150g-1-50x50.jpg","https://choco-yummy.com.ua/image/cache/catalog/Products/Shokolad/shokolad-lindt-nuss-selection-weiss-mandel-150g-2-50x50.jpg","https://choco-yummy.com.ua/ua/lindt-nuss-selection-weiss-mandel-150g","https://choco-yummy.com.ua/image/cache/catalog/Products/Shokolad/shokolad-lindt-nuss-selection-weiss-mandel-150g-6-200x200.jpg","Білий шоколад Lindt Nuss Selection Weiss-Mandel Фундук 150г","Білий шоколад з лісовими горіхами.Упаковка виконана у стилі казки «Лускунчик»..","0.0","","","-50%","499","грн.","249"
"https://choco-yummy.com.ua/image/cache/catalog/Products/Shokolad/shokolad-lindt-tokyo-style-chocolade-matcha-strawberry-145g-2-50x50.jpg","https://choco-yummy.com.ua/image/cache/catalog/Products/Shokolad/shokolad-lindt-tokyo-style-chocolade-matcha-strawberry-145g-4-50x50.jpg","https://choco-yummy.com.ua/image/cache/catalog/Products/Shokolad/shokolad-lindt-tokyo-style-chocolade-matcha-strawberry-145g-5-50x50.jpg","https://choco-yummy.com.ua/image/cache/catalog/Products/Shokolad/shokolad-lindt-tokyo-style-chocolade-matcha-strawberry-145g-6-50x50.jpg","https://choco-yummy.com.ua/image/cache/catalog/Products/Shokolad/shokolad-lindt-tokyo-style-chocolade-matcha-strawberry-145g-3-50x50.jpg","https://choco-yummy.com.ua/ua/lindt-tokyo-style-chocolade-matcha-strawberry-145g","https://choco-yummy.com.ua/image/cache/catalog/Products/Shokolad/shokolad-lindt-tokyo-style-chocolade-matcha-strawberry-145g-1-200x200.jpg","Білий шоколад Lindt Tokyo Style Chocolade Matcha Strawberry 145г","Шедевр від Lindt.У плиточці Lindt Tokyo Style Chocolate Matcha Strawberry поєднали вершковий білий ш..","0.0","899","грн.","","","",""
"https://choco-yummy.com.ua/image/cache/catalog/Anew/%D0%BD%D0%BE%D1%8F%D0%B1%D1%80%D1%8C/from%2027.11/1-18/15-kinder/02-pooh/harpor/03-ricola/11-mms/05-Mikolaje%20Czekoladowe/7777/beast2/mrbeast-feastables-pretzel-mint-crunch-95g-3-50x50.png","https://choco-yummy.com.ua/image/cache/catalog/Anew/%D0%BD%D0%BE%D1%8F%D0%B1%D1%80%D1%8C/from%2027.11/1-18/15-kinder/02-pooh/harpor/03-ricola/11-mms/05-Mikolaje%20Czekoladowe/7777/beast2/mrbeast-feastables-pretzel-mint-crunch-95g-4-50x50.png","https://choco-yummy.com.ua/image/cache/catalog/Anew/%D0%BD%D0%BE%D1%8F%D0%B1%D1%80%D1%8C/from%2027.11/1-18/15-kinder/02-pooh/harpor/03-ricola/11-mms/05-Mikolaje%20Czekoladowe/7777/beast2/mrbeast-feastables-pretzel-mint-crunch-95g-5-50x50.png","https://choco-yummy.com.ua/image/cache/catalog/Anew/%D0%BD%D0%BE%D1%8F%D0%B1%D1%80%D1%8C/from%2027.11/1-18/15-kinder/02-pooh/harpor/03-ricola/11-mms/05-Mikolaje%20Czekoladowe/7777/beast2/mrbeast-feastables-pretzel-mint-crunch-95g-6-50x50.png","https://choco-yummy.com.ua/image/cache/catalog/Anew/%D0%BD%D0%BE%D1%8F%D0%B1%D1%80%D1%8C/from%2027.11/1-18/15-kinder/02-pooh/harpor/03-ricola/11-mms/05-Mikolaje%20Czekoladowe/7777/beast2/mrbeast-feastables-pretzel-mint-crunch-95g-7-50x50.png","https://choco-yummy.com.ua/ua/mrbeast-feastables-pretzel-mint-crunch-95g","https://choco-yummy.com.ua/image/cache/catalog/Anew/%D0%BD%D0%BE%D1%8F%D0%B1%D1%80%D1%8C/from%2027.11/1-18/15-kinder/02-pooh/harpor/03-ricola/11-mms/05-Mikolaje%20Czekoladowe/7777/beast2/mrbeast-feastables-pretzel-mint-crunch-95g-1-200x200.png","Білий шоколад MrBeast Feastables Pretzel Mint Crunch з шматочками м'ятних льодяників 95г.","Білий шоколад MrBeast Feastables Pretzel Mint Crunch з шматочками м’ятних льодяників 95г — ніжна пли..","0.0","399","грн.","","","",""
"https://choco-yummy.com.ua/image/cache/catalog/Products/Shokolad/shokolad-reeses-peanut-butter-bar-white-90g-3-50x50.jpg","https://choco-yummy.com.ua/image/cache/catalog/Products/Shokolad/shokolad-reeses-peanut-butter-bar-white-90g-5-50x50.jpg","https://choco-yummy.com.ua/image/cache/catalog/Products/Shokolad/shokolad-reeses-peanut-butter-bar-white-90g-6-50x50.jpg","https://choco-yummy.com.ua/image/cache/catalog/Products/Shokolad/shokolad-reeses-peanut-butter-bar-white-90g-4-50x50.jpg","","https://choco-yummy.com.ua/ua/reeses-peanut-butter-bar-white-90g","https://choco-yummy.com.ua/image/cache/catalog/Products/Shokolad/shokolad-reeses-peanut-butter-bar-white-90g-2-200x200.jpg","Білий шоколад Reese's Peanut Butter Bar White 90г","Обожнюєте цукерки Reese's?) Ця плитка точно буде лежати у вас на столі, щоб перекусити протягом дня...","0.0","259","грн.","","","",""
"https://choco-yummy.com.ua/image/cache/catalog/Products/Shokolad/shokolad-twinkies-candy-bar-60g-2-50x50.jpg","https://choco-yummy.com.ua/image/cache/catalog/Products/Shokolad/shokolad-twinkies-candy-bar-60g-3-50x50.jpg","","","","https://choco-yummy.com.ua/ua/twinkies-candy-bar-60g","https://choco-yummy.com.ua/image/cache/catalog/Products/Shokolad/shokolad-twinkies-candy-bar-60g-1-200x200.jpg","Білий шоколад Twinkies Candy Bar з кремовою начинкою 60г","Легендарні бісквіти Twinkies у форматі шоколадки!Беріть з собою в дорогу, влаштовуйте солодкі паузи ..","0.0","129","грн.","","","",""
"https://choco-yummy.com.ua/image/cache/catalog/Products/Shokolad/shokolad-ritter-sport-smarties-100g-4-50x50.jpg","https://choco-yummy.com.ua/image/cache/catalog/Products/Shokolad/shokolad-ritter-sport-smarties-100g-3-50x50.jpg","https://choco-yummy.com.ua/image/cache/catalog/Products/Shokolad/shokolad-ritter-sport-smarties-100g-2-50x50.jpg","https://choco-yummy.com.ua/image/cache/catalog/Products/Shokolad/shokolad-ritter-sport-smarties-100g-6-50x50.jpg","","https://choco-yummy.com.ua/ua/ritter-sport-smarties-white-100g","https://choco-yummy.com.ua/image/cache/catalog/Products/Shokolad/shokolad-ritter-sport-smarties-100g-7-200x200.jpg","Білий шоколад з драже Ritter Sport Smarties White 100г","Ух, неймовірно!Ніжний білий шоколад і багато-багато різнокольорових драже Smarties. Цукерки яскраві,..","0.0","149","грн.","","","",""
"https://choco-yummy.com.ua/image/cache/catalog/Anew/%D0%BD%D0%BE%D1%8F%D0%B1%D1%80%D1%8C/from%2027.11/1-18/15-kinder/02-pooh/harpor/03-ricola/11-mms/05-Mikolaje%20Czekoladowe/4444/chocoboo-exciting-taste-40g-2-50x50.png","https://choco-yummy.com.ua/image/cache/catalog/Anew/%D0%BD%D0%BE%D1%8F%D0%B1%D1%80%D1%8C/from%2027.11/1-18/15-kinder/02-pooh/harpor/03-ricola/11-mms/05-Mikolaje%20Czekoladowe/4444/chocoboo-exciting-taste-40g-3-50x50.png","https://choco-yummy.com.ua/image/cache/catalog/Anew/%D0%BD%D0%BE%D1%8F%D0%B1%D1%80%D1%8C/from%2027.11/1-18/15-kinder/02-pooh/harpor/03-ricola/11-mms/05-Mikolaje%20Czekoladowe/4444/chocoboo-exciting-taste-40g-4-50x50.png","https://choco-yummy.com.ua/image/cache/catalog/Anew/%D0%BD%D0%BE%D1%8F%D0%B1%D1%80%D1%8C/from%2027.11/1-18/15-kinder/02-pooh/harpor/03-ricola/11-mms/05-Mikolaje%20Czekoladowe/4444/chocoboo-exciting-taste-40g-5-50x50.png","https://choco-yummy.com.ua/image/cache/catalog/Anew/%D0%BD%D0%BE%D1%8F%D0%B1%D1%80%D1%8C/from%2027.11/1-18/15-kinder/02-pooh/harpor/03-ricola/11-mms/05-Mikolaje%20Czekoladowe/4444/chocoboo-exciting-taste-40g-6-50x50.png","https://choco-yummy.com.ua/ua/chocoboo-exciting-taste-40g","https://choco-yummy.com.ua/image/cache/catalog/Anew/%D0%BD%D0%BE%D1%8F%D0%B1%D1%80%D1%8C/from%2027.11/1-18/15-kinder/02-pooh/harpor/03-ricola/11-mms/05-Mikolaje%20Czekoladowe/4444/chocoboo-exciting-taste-40g1-200x200.png","Бельгійський шоколад Chocoboo Exciting Taste молочний 40г.","Бельгійський шоколад Chocoboo Exciting Taste молочний 40г — маленька плитка, велика святкова емоція&..","0.0","","","-19%","259","грн.","209"
"https://choco-yummy.com.ua/image/cache/catalog/Products/Shokolad/shokolad-tabby-crunch-chocolate-fried-chicken-50g-2-50x50.jpg","https://choco-yummy.com.ua/image/cache/catalog/Products/Shokolad/shokolad-tabby-crunch-chocolate-fried-chicken-50g-1-50x50.jpg","","","","https://choco-yummy.com.ua/ua/tabby-crunch-chocolate-fried-chicken-50g","https://choco-yummy.com.ua/image/cache/catalog/Products/Shokolad/shokolad-tabby-crunch-chocolate-fried-chicken-50g-3-200x200.jpg","Бельгійський шоколад Tabby Crunch Chocolate Fried Chicken Курячі ніжки KFC 50г","Яка частина курки KFC найсмачніша? Шоколадна!Якщо вас охоплюють сумніви - сходити в KFC чи перекусит..","0.0","199","грн.","","","",""
"https://choco-yummy.com.ua/image/cache/catalog/Products/Shokolad/yajca-kinder-joy-looney-tunes-tweety-eggs-16x20g-1-50x50.jpg","https://choco-yummy.com.ua/image/cache/catalog/Products/Shokolad/yajce-kinder-joy-looney-tunes-tweety-egg-20g-11-50x50.jpg","https://choco-yummy.com.ua/image/cache/catalog/Products/Shokolad/yajce-kinder-joy-looney-tunes-tweety-egg-20g-7-50x50.jpg","https://choco-yummy.com.ua/image/cache/catalog/Products/Shokolad/yajce-kinder-joy-looney-tunes-tweety-egg-20g-6-50x50.jpg","https://choco-yummy.com.ua/image/cache/catalog/Products/Shokolad/yajce-kinder-joy-looney-tunes-tweety-egg-20g-4-50x50.jpg","https://choco-yummy.com.ua/ua/kinder-joy-looney-tunes-tweety-eggs-16x20g","https://choco-yummy.com.ua/image/cache/catalog/Products/Shokolad/yajca-kinder-joy-looney-tunes-tweety-eggs-16x20g-2-200x200.jpg","Блок Кіндер Джой для дівчаток Kinder Joy Looney Tunes Tweety 16x20г","Знову Твіті! Цілий блок «Кіндер Джой» — 16 яєць із колекції Looney Tunes Tweety.Чарівна канарка Твіт..","0.0","1 599","грн.","","","",""
"https://choco-yummy.com.ua/image/cache/catalog/Products/Shokolad/yajce-kinder-joy-looney-tunes-tweety-egg-24x20g-1-50x50.jpg","https://choco-yummy.com.ua/image/cache/catalog/Products/Shokolad/yajce-kinder-joy-looney-tunes-tweety-egg-20g-1-50x50.jpg","https://choco-yummy.com.ua/image/cache/catalog/Products/Shokolad/yajce-kinder-joy-looney-tunes-tweety-egg-20g-11-50x50.jpg","https://choco-yummy.com.ua/image/cache/catalog/Products/Shokolad/yajce-kinder-joy-looney-tunes-tweety-egg-20g-7-50x50.jpg","https://choco-yummy.com.ua/image/cache/catalog/Products/Shokolad/yajce-kinder-joy-looney-tunes-tweety-egg-20g-6-50x50.jpg","https://choco-yummy.com.ua/ua/kinder-joy-looney-tunes-tweety-egg-24x20g","https://choco-yummy.com.ua/image/cache/catalog/Products/Shokolad/yajce-kinder-joy-looney-tunes-tweety-egg-24x20g-2-200x200.jpg","Блок Кіндер Джой для дівчаток Kinder Joy Looney Tunes Tweety 24x20г","Сюрприз, шоколад і чарівна жовта канарка. Саме їй Кіндер присвятила цілу серію — Кіндер Джой Looney ..","0.0","","","-34%","3 499","грн.","2 299"
"https://choco-yummy.com.ua/image/cache/catalog/Anew/%D0%BD%D0%BE%D1%8F%D0%B1%D1%80%D1%8C/from%2027.11/1-18/15-kinder/02-pooh/harpor/03-ricola/01-kinder-thing/kinder-joy-funko-netflix-stranger-things-2-50x50.png","https://choco-yummy.com.ua/image/cache/catalog/Anew/%D0%BD%D0%BE%D1%8F%D0%B1%D1%80%D1%8C/from%2027.11/1-18/15-kinder/02-pooh/harpor/03-ricola/01-kinder-thing/kinder-joy-funko-netflix-stranger-things-3-50x50.png","https://choco-yummy.com.ua/image/cache/catalog/Anew/%D0%BD%D0%BE%D1%8F%D0%B1%D1%80%D1%8C/from%2027.11/1-18/15-kinder/02-pooh/harpor/03-ricola/01-kinder-thing/kinder-joy-funko-netflix-stranger-things-4-50x50.png","https://choco-yummy.com.ua/image/cache/catalog/Anew/%D0%BD%D0%BE%D1%8F%D0%B1%D1%80%D1%8C/from%2027.11/1-18/15-kinder/02-pooh/harpor/03-ricola/01-kinder-thing/kinder-joy-funko-netflix-stranger-things-5-50x50.png","https://choco-yummy.com.ua/image/cache/catalog/Anew/%D0%BD%D0%BE%D1%8F%D0%B1%D1%80%D1%8C/from%2027.11/1-18/15-kinder/02-pooh/harpor/03-ricola/01-kinder-thing/kinder-joy-funko-netflix-stranger-things-6-50x50.png","https://choco-yummy.com.ua/ua/netflix-tranger-things-720g","https://choco-yummy.com.ua/image/cache/catalog/Anew/%D0%BD%D0%BE%D1%8F%D0%B1%D1%80%D1%8C/from%2027.11/1-18/15-kinder/02-pooh/harpor/03-ricola/01-kinder-thing/kinder-joy-funko-netflix-stranger-things-1-200x200.jpg","Блок Кіндер Джой Дуже Дивні Дива Kinder Joy Funko Pop Stranger Things Egg Набір яєць 36x20г","Смакуй справжній смак Європи та США — солодощі, які не залишать байдужими Kinder Joy Funko Netf..","0.0","6 444","грн.","","","",""
"https://choco-yummy.com.ua/image/cache/catalog/Products/Shokolad/blok-yaic-kinder-joy-marvel-spiderman-egg-24x20g-1-1-50x50.jpg","https://choco-yummy.com.ua/image/cache/catalog/Products/Shokolad/yajce-kinder-joy-marvel-spiderman-egg-20g-15-50x50.jpg","https://choco-yummy.com.ua/image/cache/catalog/Products/Shokolad/yajce-kinder-joy-marvel-spiderman-egg-20g-9-50x50.jpg","https://choco-yummy.com.ua/image/cache/catalog/Products/Shokolad/yajce-kinder-joy-marvel-spiderman-egg-20g-16-50x50.jpg","https://choco-yummy.com.ua/image/cache/catalog/Products/Shokolad/yajce-kinder-joy-marvel-spiderman-egg-20g-17-50x50.jpg","https://choco-yummy.com.ua/ua/kinder-joy-marvel-spiderman-egg-24x20g","https://choco-yummy.com.ua/image/cache/catalog/Products/Shokolad/blok-yaic-kinder-joy-marvel-spiderman-egg-24x20g-1-200x200.jpg","Блок Кіндер Джой Людина-павук Kinder Joy Marvel Spiderman 24x20г","Ціла коробка Kinder Joy Spiderman! Найкрутіший набір яєць — лімітована серія, присвячена Людині-паву..","0.0","","","-34%","3 499","грн.","2 299"
"https://choco-yummy.com.ua/image/cache/catalog/Products/Shokolad/blok-yaec-kinder-joy-harry-potter-quidditch-china-24x20g-1-50x50.jpg","https://choco-yummy.com.ua/image/cache/catalog/Products/Shokolad/blok-yaec-kinder-joy-harry-potter-quidditch-china-24x20g-7-50x50.jpg","https://choco-yummy.com.ua/image/cache/catalog/Products/Shokolad/blok-yaec-kinder-joy-harry-potter-quidditch-china-24x20g-5-50x50.jpg","https://choco-yummy.com.ua/image/cache/catalog/Products/Shokolad/blok-yaec-kinder-joy-harry-potter-quidditch-china-24x20g-4-50x50.jpg","https://choco-yummy.com.ua/image/cache/catalog/Products/Shokolad/blok-yaec-kinder-joy-harry-potter-quidditch-china-24x20g-3-50x50.jpg","https://choco-yummy.com.ua/ua/7824","https://choco-yummy.com.ua/image/cache/catalog/Products/Shokolad/blok-yaec-kinder-joy-harry-potter-quidditch-china-24x20g-6-200x200.jpg","Блок яєць Гаррі Поттер Kinder Joy Funko Pop Harry Potter Quidditch Квідич 24x20г","Квіддич. Funko. Колекція, гідна чарівника!Кожне яйце складається з 2-х половинок:друга половинка - ф..","0.0","3 499","грн.","","","",""
"https://choco-yummy.com.ua/image/cache/catalog/Products/Shokolad/yajce-kinder-joy-minecraft-20g-1-50x50.jpg","https://choco-yummy.com.ua/image/cache/catalog/Products/Shokolad/yajce-kinder-joy-minecraft-20g-4-50x50.jpg","https://choco-yummy.com.ua/image/cache/catalog/Products/Shokolad/yajce-kinder-joy-minecraft-20g-2-50x50.jpg","https://choco-yummy.com.ua/image/cache/catalog/Products/Shokolad/yajce-kinder-joy-minecraft-20g-3-50x50.jpg","","https://choco-yummy.com.ua/ua/kinder-joy-minecraft-36x20g","https://choco-yummy.com.ua/image/cache/catalog/Products/Shokolad/blok-yaec-kinder-joy-minecraft-36x20g-200x200.jpg","Блок яєць Кіндер Майнкрафт Kinder Joy Minecraft 36x20г","7887, Блок яєць Кіндер Майнкрафт Kinder Joy Minecraft 36x20г, , 4,699 грн., KINDER JOY MINECRAFT 36X..","0.0","4 699","грн.","","","",""
"https://choco-yummy.com.ua/image/cache/catalog/Products/Pechenie/vafli-oreo-wafer-sticks-dark-chocolate-139g-1-50x50.jpg","https://choco-yummy.com.ua/image/cache/catalog/Products/Pechenie/vafli-oreo-wafer-sticks-dark-chocolate-139g-3-50x50.jpg","https://choco-yummy.com.ua/image/cache/catalog/Products/Pechenie/vafli-oreo-wafer-sticks-dark-chocolate-139g-5-50x50.jpg","https://choco-yummy.com.ua/image/cache/catalog/Products/Pechenie/vafli-oreo-wafer-sticks-dark-chocolate-139g-6-50x50.jpg","https://choco-yummy.com.ua/image/cache/catalog/Products/Pechenie/vafli-oreo-wafer-sticks-dark-chocolate-139g-4-50x50.jpg","https://choco-yummy.com.ua/ua/oreo-wafer-sticks-dark-chocolate-139g","https://choco-yummy.com.ua/image/cache/catalog/Products/Pechenie/vafli-oreo-wafer-sticks-dark-chocolate-139g-2-200x200.jpg","Вафельні батончики Oreo Dark Chocolate Wafer Темний шоколад 139.2г","Цікава версія від Oreo, випущена спеціально для Китаю! Ці солодощі адаптовані до місцевих смаків і м..","0.0","279","грн.","","","",""
"https://choco-yummy.com.ua/image/cache/catalog/Anew/%D0%BD%D0%BE%D1%8F%D0%B1%D1%80%D1%8C/02-liker/lindt-classic-hazelnut-scaled-e1641321194283-50x50.jpg","","","","","https://choco-yummy.com.ua/ua/lindt-classic-recipe-vegan-hazelnut-bar-100g","https://choco-yummy.com.ua/image/cache/catalog/Anew/%D0%BD%D0%BE%D1%8F%D0%B1%D1%80%D1%8C/02-liker/lindt-classic-recipe-vegan-hazelnut-bar-100g-200x200.png","Веганський шоколад Lindt Classic Vegan Hazelnut Chocolate Bar з фундуком 100 г.","Веганський шоколад Lindt Classic Vegan Hazelnut 100 г — класика смаку без компромісів!Привіт, друже!..","0.0","","","-40%","449","грн.","269"
"https://choco-yummy.com.ua/image/cache/catalog/Anew/%D0%BD%D0%BE%D1%8F%D0%B1%D1%80%D1%8C/02-liker/lindt-classic-vegan-milk-chocolate-bar-100g-2-50x50.jpg","","","","","https://choco-yummy.com.ua/ua/lindt-classic-vegan-milk-chocolate-bar-100g","https://choco-yummy.com.ua/image/cache/catalog/Anew/%D0%BD%D0%BE%D1%8F%D0%B1%D1%80%D1%8C/02-liker/lindt-classic-vegan-milk-chocolate-bar-100g-200x200.jpg","Веганський шоколад Lindt Classic Vegan Milk Chocolate Bar молочний 100 г.","Веганський шоколад Lindt Classic Vegan Milk Chocolate 100 г — смак без компромісів і без молока!Прив..","0.0","","","-40%","449","грн.","269"
"https://choco-yummy.com.ua/image/cache/catalog/Products/Konfeti/cukerka-raffaello-grand-125g-2-50x50.jpg","https://choco-yummy.com.ua/image/cache/catalog/Products/Konfeti/cukerka-raffaello-grand-125g-1-50x50.jpg","","","","https://choco-yummy.com.ua/ua/raffaello-grand-125g","https://choco-yummy.com.ua/image/cache/catalog/Products/Konfeti/cukerka-raffaello-grand-125g-200x200.jpg","Велика Цукерка Raffaello Grand White Chocolate Білий шоколад 125г","Велика цукерка Raffaello – це розкішне святкове частування від Ferrero. У ній поєдналися витонченіст..","0.0","549","грн.","","","",""
"https://choco-yummy.com.ua/image/cache/catalog/Products/Shokolad/shokolad-lindt-swiss-premium-white-almond-300g-2-50x50.jpg","https://choco-yummy.com.ua/image/cache/catalog/Products/Shokolad/shokolad-lindt-swiss-premium-white-almond-300g-6-50x50.jpg","https://choco-yummy.com.ua/image/cache/catalog/Products/Shokolad/shokolad-lindt-swiss-premium-white-almond-300g-4-50x50.jpg","https://choco-yummy.com.ua/image/cache/catalog/Products/Shokolad/shokolad-lindt-swiss-premium-white-almond-300g-3-50x50.jpg","https://choco-yummy.com.ua/image/cache/catalog/Products/Shokolad/shokolad-lindt-swiss-premium-white-almond-300g-1-50x50.jpg","https://choco-yummy.com.ua/ua/lindt-swiss-premium-white-chocolate-almond-300g","https://choco-yummy.com.ua/image/cache/catalog/Products/Shokolad/shokolad-lindt-swiss-premium-white-almond-300g-5-200x200.jpg","Велика шоколадка Lindt Swiss Premium White Chocolate Almond 300г","Шоколадна плитка Lindt Swiss Premium — вишукане творіння швейцарських майстрів.Плитка в елегантній з..","0.0","749","грн.","","","",""
"https://choco-yummy.com.ua/image/cache/catalog/Products/Shokolad/shokolad-lindt-lindor-easter-egg-milk-chocolate-pistachio-360g-7-50x50.jpg","https://choco-yummy.com.ua/image/cache/catalog/Products/Shokolad/shokolad-lindt-lindor-easter-egg-milk-chocolate-pistachio-360g-5-50x50.jpg","https://choco-yummy.com.ua/image/cache/catalog/Products/Shokolad/shokolad-lindt-lindor-easter-egg-milk-chocolate-pistachio-360g-6-50x50.jpg","https://choco-yummy.com.ua/image/cache/catalog/Products/Shokolad/shokolad-lindt-lindor-easter-egg-milk-chocolate-pistachio-360g-4-50x50.jpg","https://choco-yummy.com.ua/image/cache/catalog/Products/Shokolad/shokolad-lindt-lindor-easter-egg-milk-chocolate-pistachio-360g-3-50x50.jpg","https://choco-yummy.com.ua/ua/lindt-lindor-uovo-di-pasqua-cioccolato-al-latte-e-pistacchio-360g","https://choco-yummy.com.ua/image/cache/catalog/Products/Shokolad/shokolad-lindt-lindor-easter-egg-milk-chocolate-pistachio-360g-1-200x200.jpg","Великдень Lindt Lindor Easter Egg Milk Chocolate Pistachio з прикрасою 360г","Великодній набір Easter Egg Pistachio - справжнє свято від майстрів Lindt.Але окрім десерту всередин..","0.0","","","-20%","2 499","грн.","1 999"
"https://choco-yummy.com.ua/image/cache/catalog/Products/Shokolad/shokolad-lindt-lindor-easter-egg-cioccolato-sorpresa-360g-5-50x50.jpg","https://choco-yummy.com.ua/image/cache/catalog/Products/Shokolad/shokolad-lindt-lindor-easter-egg-cioccolato-sorpresa-360g-4-50x50.jpg","https://choco-yummy.com.ua/image/cache/catalog/Products/Shokolad/shokolad-lindt-lindor-easter-egg-cioccolato-sorpresa-360g-3-50x50.jpg","https://choco-yummy.com.ua/image/cache/catalog/Products/Shokolad/shokolad-lindt-lindor-easter-egg-cioccolato-sorpresa-360g-2-50x50.jpg","","https://choco-yummy.com.ua/ua/lindt-lindor-uovo-di-pasqua-cioccolato-latte-con-sorpresa-360g","https://choco-yummy.com.ua/image/cache/catalog/Products/Shokolad/shokolad-lindt-lindor-easter-egg-cioccolato-sorpresa-360g-1-200x200.jpg","Великдень Lindt Lindor Easter Egg Milk Chocolate з прикрасою 360г","Великодній набір Lindt Lindor з шоколадним яйцем - справжнє мистецтво від швейцарських майстрів. Под..","0.0","","","-20%","2 499","грн.","1 999"
"https://choco-yummy.com.ua/image/cache/catalog/Products/Shokolad/yajce_dragon_ball_kinder_gransorpresa_150g_1-50x50.jpg","https://choco-yummy.com.ua/image/cache/catalog/Products/Shokolad/yajce_dragon_ball_kinder_gransorpresa_150g_2-50x50.jpg","https://choco-yummy.com.ua/image/cache/catalog/Products/Shokolad/yajce_dragon_ball_kinder_gransorpresa_150g_4-50x50.jpg","","","https://choco-yummy.com.ua/ua/dragon-ball-kinder-gransorpresa-150g","https://choco-yummy.com.ua/image/cache/catalog/Products/Shokolad/yajce_dragon_ball_kinder_gransorpresa_150g_3-200x200.jpg","Велике Яйце Dragon Ball Kinder GranSurprise Кіндер Драгонболл 150г","Поспішаємо порадувати усіх шанувальників японського аніме-серіалу Dragon Ball, у нас чудові новини! ..","0.0","1 499","грн.","","","",""
"https://choco-yummy.com.ua/image/cache/catalog/Products/Shokolad/yajce-kinder-gransorpresa-batman-150-g-5-50x50.jpg","https://choco-yummy.com.ua/image/cache/catalog/Products/Shokolad/yajce-kinder-gransorpresa-batman-150-g-1-50x50.jpg","https://choco-yummy.com.ua/image/cache/catalog/Products/Shokolad/yajce-kinder-gransorpresa-batman-150-g-6-50x50.jpg","https://choco-yummy.com.ua/image/cache/catalog/Products/Shokolad/yajce-kinder-gransorpresa-batman-150-g-7-50x50.jpg","https://choco-yummy.com.ua/image/cache/catalog/Products/Shokolad/yajce-kinder-gransorpresa-batman-150-g-3-50x50.jpg","https://choco-yummy.com.ua/ua/kinder-gransorpresa-batman-150g","https://choco-yummy.com.ua/image/cache/catalog/Products/Shokolad/yajce-kinder-gransorpresa-batman-150-g-2-200x200.jpg","Велике яйце Kinder GranSorpresa Batman Бетмен 150г","На фанатів Темного Лицаря цієї весни чекає ще один подарунок від Kinder. І це не просто велике шокол..","0.0","1 499","грн.","","","",""
"https://choco-yummy.com.ua/image/cache/catalog/Products/Shokolad/yajce-kinder-gransorpresa-mickey-friends-150g-7-50x50.jpg","https://choco-yummy.com.ua/image/cache/catalog/Products/Shokolad/yajce-kinder-gransorpresa-mickey-friends-150g-1-50x50.jpg","https://choco-yummy.com.ua/image/cache/catalog/Products/Shokolad/yajce-kinder-gransorpresa-mickey-friends-150g-3-50x50.jpg","https://choco-yummy.com.ua/image/cache/catalog/Products/Shokolad/yajce-kinder-gransorpresa-mickey-friends-150g-6-50x50.jpg","https://choco-yummy.com.ua/image/cache/catalog/Products/Shokolad/yajce-kinder-gransorpresa-mickey-friends-150g-2-50x50.jpg","https://choco-yummy.com.ua/ua/kinder-gransorpresa-mickey-friends-150gr","https://choco-yummy.com.ua/image/cache/catalog/Products/Shokolad/yajce-kinder-gransorpresa-mickey-friends-150g-4-200x200.jpg","Велике Яйце Mickey & Friends Kinder GranSurprise Кіндер Міккі Маус 150гр","Шоколадне яйце Mickey & Friends Kinder GranSurprise - чудовий подарунок для всіх шанувальників м..","0.0","1 499","грн.","","","",""
"https://choco-yummy.com.ua/image/cache/catalog/Products/Shokolad/yajce-kinder-gransorpresa-gigante-marvel-avengers-320g-2-50x50.jpg","https://choco-yummy.com.ua/image/cache/catalog/Products/Shokolad/yajce-kinder-gransorpresa-gigante-marvel-avengers-320g-3-50x50.jpg","https://choco-yummy.com.ua/image/cache/catalog/Products/Shokolad/yajce-kinder-gransorpresa-gigante-marvel-avengers-320g-4-50x50.jpg","https://choco-yummy.com.ua/image/cache/catalog/Products/Shokolad/yajce-kinder-gransorpresa-gigante-marvel-avengers-320g-5-50x50.jpg","https://choco-yummy.com.ua/image/cache/catalog/Products/Shokolad/yajce-kinder-gransorpresa-gigante-marvel-avengers-320g-1-50x50.jpg","https://choco-yummy.com.ua/ua/kinder-gransorpresa-gigante-marvel-avengers-320g","https://choco-yummy.com.ua/image/cache/catalog/Products/Shokolad/yajce-kinder-gransorpresa-gigante-marvel-avengers-320g-7-200x200.jpg","Великий Kinder Месники Kinder GranSorpresa Gigante Marvel Avengers 320г","Світу потрібні герої!Танос та Залізна ЛюдинаХалк та Чорна ПантераА ще всередині є код для цифрового ..","0.0","2 599","грн.","","","",""
"https://choco-yummy.com.ua/image/cache/catalog/Products/Shokolad/yajce-kinder-gransorpresa-mickey-friends-easter-egg-150g-2-50x50.jpg","https://choco-yummy.com.ua/image/cache/catalog/Products/Shokolad/yajce-kinder-gransorpresa-mickey-friends-easter-egg-150g-6-50x50.jpg","https://choco-yummy.com.ua/image/cache/catalog/Products/Shokolad/yajce-kinder-gransorpresa-mickey-friends-easter-egg-150g-3-50x50.jpg","https://choco-yummy.com.ua/image/cache/catalog/Products/Shokolad/yajce-kinder-gransorpresa-mickey-friends-easter-egg-150g-1-50x50.jpg","https://choco-yummy.com.ua/image/cache/catalog/Products/Shokolad/yajce-kinder-gransorpresa-mickey-friends-easter-egg-150g-5-50x50.jpg","https://choco-yummy.com.ua/ua/kinder-gransorpresa-paw-patrol-easter-egg-150g","https://choco-yummy.com.ua/image/cache/catalog/Products/Shokolad/yajce-kinder-gransorpresa-mickey-friends-easter-egg-150g-8-200x200.jpg","Великий Кіндер Kinder GranSorpresa Paw Patrol Easter Egg Щенячий Патруль 150г","Велике шоколадне яйце Paw Patrol Kinder GranSorpresa — чудовий подарунок для шанувальників веселої к..","0.0","1 499","грн.","","","",""
"https://choco-yummy.com.ua/image/cache/catalog/Products/Shokolad/shokoladnoe-yajco-raffaello-easter-100g-1-50x50.jpg","https://choco-yummy.com.ua/image/cache/catalog/Products/Shokolad/shokoladnoe-yajco-raffaello-easter-100g-3-50x50.jpg","","","","https://choco-yummy.com.ua/ua/raffaello-easter-egg-spring-100g","https://choco-yummy.com.ua/image/cache/catalog/Products/Shokolad/shokoladnoe-yajco-raffaello-easter-egg-spring-100g-200x200.jpg","Великоднє шоколадне яйце Raffaello Easter 100 г","Весняні свята - час чудес і солодких сюрпризів) Ferrero приготували чудові великодні яйця для ваших ..","5.0","","","-60%","499","грн.","199"
"https://choco-yummy.com.ua/image/cache/catalog/Products/Shokolad/shokoladnoe-yajco-raffaello-easter-100g-3-50x50.jpg","https://choco-yummy.com.ua/image/cache/catalog/Products/Shokolad/shokoladnoe-yajco-raffaello-easter-100g-50x50.png","https://choco-yummy.com.ua/image/cache/catalog/Products/Shokolad/shokoladnoe-yajco-raffaello-easter-100g-1-50x50.jpg","","","https://choco-yummy.com.ua/ua/raffaello-easter-egg-100g","https://choco-yummy.com.ua/image/cache/catalog/Products/Shokolad/shokoladnoe-yajco-raffaello-easter-100g-2-200x200.jpg","Великоднє яйце Raffaello Easter Білий шоколад 100 г (термін придатності до 21.08.2025)","Приготували до весняних свят сюрпризи для коханих?)Яйце Raffaello прикрашене елегантним візерунком у..","0.0","","","-60%","499","грн.","199"
"https://choco-yummy.com.ua/image/cache/catalog/Products/Shokolad/yajce-raffaello-white-chocolate-egg-coconut-almonds-250g-1-50x50.jpg","https://choco-yummy.com.ua/image/cache/catalog/Products/Shokolad/yajce-raffaello-white-chocolate-egg-coconut-almonds-250g-2-50x50.jpg","https://choco-yummy.com.ua/image/cache/catalog/Products/Shokolad/yajce-raffaello-white-chocolate-egg-coconut-almonds-250g-4-50x50.jpg","https://choco-yummy.com.ua/image/cache/catalog/Products/Shokolad/yajce-raffaello-white-chocolate-egg-coconut-almonds-250g-5-50x50.jpg","https://choco-yummy.com.ua/image/cache/catalog/Products/Shokolad/yajce-raffaello-white-chocolate-egg-coconut-almonds-250g-6-50x50.jpg","https://choco-yummy.com.ua/ua/raffaello-white-chocolate-egg-coconut-almonds-250g","https://choco-yummy.com.ua/image/cache/catalog/Products/Shokolad/yajce-raffaello-white-chocolate-egg-coconut-almonds-250g-3-200x200.jpg","Великоднє яйце Raffaello White Chocolate Egg with Coconut & Almonds 250г","Великоднє яйце Raffaello – це втілення елегантності, справжній шедевр для поціновувачів вишуканих см..","0.0","1 699","грн.","","","",""
"https://choco-yummy.com.ua/image/cache/catalog/Products/Shokolad/yajce-toblerone-egg-56g-3-50x50.jpg","https://choco-yummy.com.ua/image/cache/catalog/Products/Shokolad/yajce-toblerone-egg-56g-2-50x50.jpg","https://choco-yummy.com.ua/image/cache/catalog/Products/Shokolad/yajce-toblerone-egg-56g-7-50x50.jpg","https://choco-yummy.com.ua/image/cache/catalog/Products/Shokolad/yajce-toblerone-egg-56g-1-50x50.jpg","","https://choco-yummy.com.ua/ua/toblerone-egg-56g","https://choco-yummy.com.ua/image/cache/catalog/Products/Shokolad/yajce-toblerone-egg-56g-4-200x200.jpg","Великоднє яйце Toblerone Egg з молочним шоколадом 56г","Великоднє яйце з культовою пірамідкою Toblerone)Зробіть несподіваний міні-подарунок друзям і підсоло..","0.0","249","грн.","","","",""
"https://choco-yummy.com.ua/image/cache/catalog/Products/Shokolad/nabor_yaic_kinder_uberraschungsei_4x20g_3-50x50.jpg","https://choco-yummy.com.ua/image/cache/catalog/Products/Shokolad/nabor_yaic_kinder_uberraschungsei_4x20g_1-50x50.jpg","https://choco-yummy.com.ua/image/cache/catalog/Products/Shokolad/nabor_yaic_kinder_uberraschungsei_4x20g_5-50x50.jpg","","","https://choco-yummy.com.ua/ua/kinder-uberraschungsei-4x20g","https://choco-yummy.com.ua/image/cache/catalog/photo-2026-03-22-18-48-33-200x200.jpg","Великодній Кіндер Сюрприз Kinder Überraschung Набір яєць 4x20г","Свято Великодня особливе! Значить і Кіндер повинен запам'ятатися) Нехай його буде БІЛЬШЕ! У 4 рази!К..","0.0","","","-20%","449","грн.","359"
"https://choco-yummy.com.ua/image/cache/catalog/Products/Shokolad/shokoladnyj-krolik-lindt-goldhase-dark-chocolate-100g-6-50x50.jpg","https://choco-yummy.com.ua/image/cache/catalog/Products/Shokolad/shokoladnyj-krolik-lindt-goldhase-dark-chocolate-100g-4-50x50.jpg","https://choco-yummy.com.ua/image/cache/catalog/Products/Shokolad/shokoladnyj-krolik-lindt-goldhase-dark-chocolate-100g-5-50x50.jpg","https://choco-yummy.com.ua/image/cache/catalog/Products/Shokolad/shokoladnyj-krolik-lindt-goldhase-dark-chocolate-100g-7-50x50.jpg","https://choco-yummy.com.ua/image/cache/catalog/Products/Shokolad/shokoladnyj-krolik-lindt-goldhase-dark-chocolate-100g-8-50x50.jpg","https://choco-yummy.com.ua/ua/lindt-goldhase-dark-chocolate-100g","https://choco-yummy.com.ua/image/cache/catalog/Products/Shokolad/shokoladnyj-krolik-lindt-goldhase-dark-chocolate-100g-2-200x200.jpg","Великодній Кролик Lindt Goldhase Dark Chocolate Темний Шоколад 100г","Цей милий шоколадний джентльмен створений майстрами Lindt, які з 1845 року радують весь світ бездога..","0.0","449","грн.","","","",""
"https://choco-yummy.com.ua/image/cache/catalog/Products/Shokolad/shokoladnyj-krolik-lindt-goldhase-white-chocolate-100g-5-50x50.jpg","https://choco-yummy.com.ua/image/cache/catalog/Products/Shokolad/shokoladnyj-krolik-lindt-goldhase-white-chocolate-100g-3-50x50.jpg","https://choco-yummy.com.ua/image/cache/catalog/Products/Shokolad/shokoladnyj-krolik-lindt-goldhase-white-chocolate-100g-4-50x50.jpg","https://choco-yummy.com.ua/image/cache/catalog/Products/Shokolad/shokoladnyj-krolik-lindt-goldhase-white-chocolate-100g-7-50x50.jpg","https://choco-yummy.com.ua/image/cache/catalog/Products/Shokolad/shokoladnyj-krolik-lindt-goldhase-white-chocolate-100g-8-50x50.jpg","https://choco-yummy.com.ua/ua/lindt-goldhase-white-chocolate-100g","https://choco-yummy.com.ua/image/cache/catalog/Products/Shokolad/shokoladnyj-krolik-lindt-goldhase-white-chocolate-100g-6-200x200.jpg","Великодній Кролик Lindt Goldhase White Chocolate Білий шоколад 100г","Цей милий зайчик найніжніший і найсолодший серед великодніх кроликів Lindt!Швейцарські майстри з 184..","0.0","449","грн.","","","",""
"https://choco-yummy.com.ua/image/cache/catalog/Products/Konfeti/kinder-maxi-mix-easter-2-50x50.jpg","https://choco-yummy.com.ua/image/cache/catalog/Products/Konfeti/kinder-maxi-mix-easter-1-50x50.jpg","","","","https://choco-yummy.com.ua/ua/%20kinder-maxi-mix-easter","https://choco-yummy.com.ua/image/cache/catalog/Products/Konfeti/kinder-maxi-mix-easter-200x200.jpg","Великодній набір Kinder Maxi Mix","Дитяче пасхальне гніздечко Maxi Mix - універсальний подарунок на свята. Весняна подарункова коробка ..","0.0","","","-19%","529","грн.","429"
"https://choco-yummy.com.ua/image/cache/catalog/Products/Konfeti/kinder-mini-mix-easter-1-50x50.jpg","","","","","https://choco-yummy.com.ua/ua/kinder-easter-mini-mix","https://choco-yummy.com.ua/image/cache/catalog/photo-2026-03-13-13-26-19-200x200.jpg","Великодній набір Kinder Mini Mix","Лімітована колекція до Великодню!Святкові набори Kinder Mini Mix точно знадобляться для здійснення к..","0.0","","","-30%","299","грн.","209"
"","","","","","https://choco-yummy.com.ua/ua/ogromnoye-yaytso-kinder-surprise-xxl-bbarbie-220-g","https://choco-yummy.com.ua/image/cache/catalog/kinder/2026-03-11-132341-200x200.jpg","Величезне яйце Kinder Surprise XXL 220г","Kinder Surprise рожева серія для дівчинки. Це надзвичайний солодкий подарунок з лімітованої серії, я..","5.0","","","-17%","1 199","грн.","999"
"","","","","","https://choco-yummy.com.ua/ua/ogromnoye-yaytso-kinder-surprise-xxl-marvel-220-g","https://choco-yummy.com.ua/image/cache/catalog/kinder/Znimok-ekrana-2026-03-11-o-142633-200x200.png","Величезне яйце Kinder Surprise XXL 220г","Шоколадне яйце Kinder Surprise XXL 220g Kinder Surprise блакитна серія для хлопчика. Це ду..","0.0","","","-17%","1 199","грн.","999"
"https://choco-yummy.com.ua/image/cache/catalog/Products/Shokolad/yajce-kinder-gransorpresa-hot-wheels-150-g-50x50.jpg","https://choco-yummy.com.ua/image/cache/catalog/Products/Shokolad/yajce_kinder_gransorpresa_hot_wheels_220g_2-50x50.jpg","","","","https://choco-yummy.com.ua/ua/kinder-gransorpresa-hot-wheels-220g","https://choco-yummy.com.ua/image/cache/catalog/Products/Shokolad/yajce-kinder-gransorpresa-hot-wheels-150-g-1-200x200.jpg","Величезне Яйце Хот Вілс Kinder Hot Wheels Surprise Кіндер 150гр","Будемо щирими, хлопці обожнюють супершвидкісні карти та круті віражі) Спеціально до юних автогонщикі..","0.0","1 499","грн.","","","",""
"https://choco-yummy.com.ua/image/cache/catalog/Anew/%D0%BD%D0%BE%D1%8F%D0%B1%D1%80%D1%8C/from%2027.11/1-18/15-kinder/02-pooh/harpor/03-ricola/11-mms/05-Mikolaje%20Czekoladowe/5555/bolci-dubai-chocolate-milk-kadayif-pistachio-200g-2-50x50.png","https://choco-yummy.com.ua/image/cache/catalog/Anew/%D0%BD%D0%BE%D1%8F%D0%B1%D1%80%D1%8C/from%2027.11/1-18/15-kinder/02-pooh/harpor/03-ricola/11-mms/05-Mikolaje%20Czekoladowe/5555/bolci-dubai-chocolate-milk-kadayif-pistachio-200g-3-50x50.png","https://choco-yummy.com.ua/image/cache/catalog/Anew/%D0%BD%D0%BE%D1%8F%D0%B1%D1%80%D1%8C/from%2027.11/1-18/15-kinder/02-pooh/harpor/03-ricola/11-mms/05-Mikolaje%20Czekoladowe/5555/bolci-dubai-chocolate-milk-kadayif-pistachio-200g-4-50x50.png","https://choco-yummy.com.ua/image/cache/catalog/Anew/%D0%BD%D0%BE%D1%8F%D0%B1%D1%80%D1%8C/from%2027.11/1-18/15-kinder/02-pooh/harpor/03-ricola/11-mms/05-Mikolaje%20Czekoladowe/5555/bolci-dubai-chocolate-milk-kadayif-pistachio-200g-5-50x50.png","https://choco-yummy.com.ua/image/cache/catalog/Anew/%D0%BD%D0%BE%D1%8F%D0%B1%D1%80%D1%8C/from%2027.11/1-18/15-kinder/02-pooh/harpor/03-ricola/11-mms/05-Mikolaje%20Czekoladowe/5555/bolci-dubai-chocolate-milk-kadayif-pistachio-200g-6-50x50.png","https://choco-yummy.com.ua/ua/bolci-dubai-chocolate-milk-kadayif-pistachio-200g","https://choco-yummy.com.ua/image/cache/catalog/Anew/%D0%BD%D0%BE%D1%8F%D0%B1%D1%80%D1%8C/from%2027.11/1-18/15-kinder/02-pooh/harpor/03-ricola/11-mms/05-Mikolaje%20Czekoladowe/5555/bolci-dubai-chocolate-milk-kadayif-pistachio-200g-1-200x200.png","Дубайський молочний шоколад Bolci Dubai Chocolate Milk Kadayif Pistachio 200г.","Дубайський молочний шоколад Bolci Dubai Chocolate Milk Kadayif Pistachio 200г — ніжний молочний шоко..","0.0","549","грн.","","","",""
"https://choco-yummy.com.ua/image/cache/catalog/Products/Konfeti/cukerki-bolci-dubai-chocolate-kugeln-pistachio-kadayif-500g-4-50x50.jpg","https://choco-yummy.com.ua/image/cache/catalog/Products/Konfeti/cukerki-bolci-dubai-chocolate-kugeln-pistachio-kadayif-500g-1-50x50.jpg","https://choco-yummy.com.ua/image/cache/catalog/Products/Konfeti/cukerki-bolci-dubai-chocolate-kugeln-pistachio-kadayif-500g-2-50x50.jpg","https://choco-yummy.com.ua/image/cache/catalog/Products/Konfeti/cukerki-bolci-dubai-chocolate-kugeln-pistachio-kadayif-500g-3-50x50.jpg","","https://choco-yummy.com.ua/ua/bolci-dubai-chocolate-kugeln-pistachio-kadayif-500g","https://choco-yummy.com.ua/image/cache/catalog/Products/Konfeti/cukerki-bolci-dubai-chocolate-kugeln-pistachio-kadayif-500g-5-200x200.jpg","Дубайський шоколад Bolci Dubai Chocolate Kugeln Pistachio Kadayif Цукерки 500г","Турецькі кондитери Bolci випускають не один десяток років розкішний шоколад і праліне. У цих цукерка..","5.0","1 699","грн.","","","",""
"https://choco-yummy.com.ua/image/cache/catalog/Products/Konfeti/shokolad-bolci-dubai-pistachio-kadayif-256g-5-50x50.jpg","https://choco-yummy.com.ua/image/cache/catalog/Products/Konfeti/shokolad-bolci-dubai-pistachio-kadayif-256g-50x50.jpg","https://choco-yummy.com.ua/image/cache/catalog/Products/Konfeti/shokolad-bolci-dubai-pistachio-kadayif-256g-4-50x50.jpg","https://choco-yummy.com.ua/image/cache/catalog/Products/Konfeti/shokolad-bolci-dubai-pistachio-kadayif-256g-1-50x50.jpg","","https://choco-yummy.com.ua/ua/bolci-dubai-chocolate-pistachio-kadayif-256g","https://choco-yummy.com.ua/image/cache/catalog/Products/Konfeti/shokolad-bolci-dubai-pistachio-kadayif-256g-8-200x200.jpg","Дубайський шоколад Bolci Dubai Chocolate Pistachio Kadayif у коробці 256г","Серця гурманів по всьому світу підкорені Дубайським шоколадом. Цей розкішний десерт поєднує в собі т..","0.0","","","-20%","1 199","грн.","959"
"https://choco-yummy.com.ua/image/cache/catalog/Products/Konfeti/cukerki-bolci-praliny-dubai-chocolate-96g-1-50x50.jpg","https://choco-yummy.com.ua/image/cache/catalog/Products/Konfeti/cukerki-bolci-praliny-dubai-chocolate-96g-3-50x50.jpg","https://choco-yummy.com.ua/image/cache/catalog/Products/Konfeti/cukerki-bolci-praliny-dubai-chocolate-96g-4-50x50.jpg","","","https://choco-yummy.com.ua/ua/bolci-praliny-dubai-chocolate-96g","https://choco-yummy.com.ua/image/cache/catalog/Products/Konfeti/cukerki-bolci-praliny-dubai-chocolate-96g-2-200x200.jpg","Дубайський шоколад Bolci Praliny Dubai Chocolate Цукерки 96г","У цій коробці - комплімент зі східним шиком - вишукані цукерки в стилі Дубайського шоколаду. Цукерки..","0.0","429","грн.","","","",""
"https://choco-yummy.com.ua/image/cache/catalog/Products/Shokolad/shokolad-fix-biscoff-spread-100g-2-50x50.jpg","https://choco-yummy.com.ua/image/cache/catalog/Products/Shokolad/shokolad-fix-biscoff-spread-100g-4-50x50.jpg","https://choco-yummy.com.ua/image/cache/catalog/Products/Shokolad/shokolad-fix-biscoff-spread-100g-5-50x50.jpg","","","https://choco-yummy.com.ua/ua/fix-chocolate-biscoff-spread-100g","https://choco-yummy.com.ua/image/cache/catalog/Products/Shokolad/shokolad-fix-biscoff-spread-100g-3-200x200.jpg","Дубайський шоколад FIX Biscoff Spread Біскофф 100 г","Для шанувальників легендарного печива Lotus - це справжній must-have! Дубайський шоколад із кремовою..","0.0","","","-29%","579","грн.","409"
"https://choco-yummy.com.ua/image/cache/catalog/Products/Shokolad/shokolad_fix_chocolate_dubai_knafeh_pistachio_200g_turkey_2-50x50.jpg","https://choco-yummy.com.ua/image/cache/catalog/Products/Shokolad/shokolad_fix_chocolate_dubai_knafeh_pistachio_200g_turkey_1-50x50.jpg","https://choco-yummy.com.ua/image/cache/catalog/Products/Shokolad/shokolad_fix_chocolate_dubai_knafeh_pistachio_200g_turkey_4-50x50.jpg","https://choco-yummy.com.ua/image/cache/catalog/Products/Shokolad/shokolad_fix_chocolate_dubai_knafeh_pistachio_200g_turkey_5-50x50.jpg","","https://choco-yummy.com.ua/ua/fix-chocolate-dubai-knafeh-pistachio-200g-turkey","https://choco-yummy.com.ua/image/cache/catalog/Products/Shokolad/shokolad_fix_chocolate_dubai_knafeh_pistachio_200g_turkey_3-200x200.jpg","Дубайський Шоколад Fix Chocolate Dubai Knafeh and Pistachio з фісташковою пастою і кадаїфі 200г","Популярність Дубайського шоколаду настільки величезна, що скуштувати плитку з фісташковою пастою хоч..","5.0","","","-20%","999","грн.","799"
"https://choco-yummy.com.ua/image/cache/catalog/Products/Shokolad/shokolad_fix_chocolate_dubai_knafeh_and_pistachio_200g_turkey_8-50x50.jpg","https://choco-yummy.com.ua/image/cache/catalog/Products/Shokolad/shokolad_fix_chocolate_dubai_knafeh_and_pistachio_200g_turkey_3-50x50.jpg","","","","https://choco-yummy.com.ua/ua/fix-chocolate-dubai-knafeh-and-pistachio-200g-turkey","https://choco-yummy.com.ua/image/cache/catalog/Products/Shokolad/shokolad_fix_chocolate_dubai_knafeh_and_pistachio_200g_turkey_5-200x200.jpg","Дубайський Шоколад Fix Chocolate Dubai with Knafeh and Pistachio з фісташковою пастою і кадаїфі 200г","Дубайський шоколад із фісташковою пастою тримає в напрузі всі соцмережі! І вже кілька місяців, як пі..","0.0","","","-20%","999","грн.","799"
"https://choco-yummy.com.ua/image/cache/catalog/Products/Shokolad/shokolad-fix-chocolatie-high-hazelnut-80g-1-50x50.jpg","https://choco-yummy.com.ua/image/cache/catalog/Products/Shokolad/shokolad-fix-chocolatie-high-hazelnut-80g-4-50x50.jpg","https://choco-yummy.com.ua/image/cache/catalog/Products/Shokolad/shokolad-fix-chocolatie-high-hazelnut-80g-3-50x50.jpg","","","https://choco-yummy.com.ua/ua/fix-chocolatie-high-hazelnut-80g","https://choco-yummy.com.ua/image/cache/catalog/Products/Shokolad/shokolad-fix-chocolatie-high-hazelnut-80g-2-200x200.jpg","Дубайський шоколад Fix Chocolatie High On Hazelnut Лісовий Горіх 80г","Дубайський шоколад зараз на піку популярності - його вірусять у соцмережах, дегустують блогери! І це..","0.0","","","-30%","499","грн.","349"
"https://choco-yummy.com.ua/image/cache/catalog/Products/Shokolad/shokolad-fix-mind-your-own-buiscoff-80g-5-50x50.jpg","https://choco-yummy.com.ua/image/cache/catalog/Products/Shokolad/shokolad-fix-mind-your-own-buiscoff-80g-3-50x50.jpg","https://choco-yummy.com.ua/image/cache/catalog/Products/Shokolad/shokolad-fix-mind-your-own-buiscoff-80g-4-50x50.jpg","","","https://choco-yummy.com.ua/ua/fix-mind-your-own-buiscoff-80g","https://choco-yummy.com.ua/image/cache/catalog/Products/Shokolad/shokolad-fix-mind-your-own-buiscoff-80g-7-200x200.jpg","Дубайський шоколад Fix Mind Your Own Buiscoff з Карамельним печивом 80г","Дубайський шоколад створений, щоб закохатися в нього з першого шматочка.Шоколадка преміальної якості..","0.0","","","-40%","499","грн.","299"
"https://choco-yummy.com.ua/image/cache/catalog/Anew/%D0%BD%D0%BE%D1%8F%D0%B1%D1%80%D1%8C/from%2027.11/1-18/15-kinder/16-labudubai/labudubai-2-50x50.png","https://choco-yummy.com.ua/image/cache/catalog/Anew/%D0%BD%D0%BE%D1%8F%D0%B1%D1%80%D1%8C/from%2027.11/1-18/15-kinder/16-labudubai/labudubai-3-50x50.png","https://choco-yummy.com.ua/image/cache/catalog/Anew/%D0%BD%D0%BE%D1%8F%D0%B1%D1%80%D1%8C/from%2027.11/1-18/15-kinder/16-labudubai/labudubai-4-50x50.png","https://choco-yummy.com.ua/image/cache/catalog/Anew/%D0%BD%D0%BE%D1%8F%D0%B1%D1%80%D1%8C/from%2027.11/1-18/15-kinder/16-labudubai/labudubai-5-50x50.png","https://choco-yummy.com.ua/image/cache/catalog/Anew/%D0%BD%D0%BE%D1%8F%D0%B1%D1%80%D1%8C/from%2027.11/1-18/15-kinder/16-labudubai/labudubai-6-50x50.png","https://choco-yummy.com.ua/ua/labudubai-chocolate-30g","https://choco-yummy.com.ua/image/cache/catalog/Anew/%D0%BD%D0%BE%D1%8F%D0%B1%D1%80%D1%8C/from%2027.11/1-18/15-kinder/16-labudubai/labudubai-0-200x200.png","Дубайський шоколад Labudubai Chocolate з начинкою катаїфі та фісташкою 30г","Labudubai Chocolate з начинкою катаїфі та фісташкою — східна розкіш смаку в кожному шматочкуПривіт, ..","0.0","99","грн.","","","",""
"https://choco-yummy.com.ua/image/cache/catalog/Products/Shokolad/shokolad_lindt_dubai_bars_150g_6-50x50.jpg","https://choco-yummy.com.ua/image/cache/catalog/Products/Shokolad/shokolad_lindt_dubai_bars_150g_2-50x50.jpg","https://choco-yummy.com.ua/image/cache/catalog/Products/Shokolad/shokolad_lindt_dubai_bars_150g_4-50x50.jpg","https://choco-yummy.com.ua/image/cache/catalog/Products/Shokolad/shokolad_lindt_dubai_bars_150g_1-50x50.jpg","https://choco-yummy.com.ua/image/cache/catalog/Products/Shokolad/shokolad_lindt_dubai_bars_150g_3-50x50.jpg","https://choco-yummy.com.ua/ua/lindt-dubai-chocolate-bars-150g","https://choco-yummy.com.ua/image/cache/catalog/Znimok-ekrana-2025-02-20-o-124516-200x200.png","Дубайський шоколад Lindt Dubai Chocolate Bars 150г","Майстри Ліндт, підхопивши світовий тренд, з гордістю представили власну плитку Дубайського шоколаду ..","5.0","1 199","грн.","","","",""
"https://choco-yummy.com.ua/image/cache/catalog/Products/Batonchiki/batonchik-rosso-bianco-dubigof-crispy-creamy-bar-30g-3-50x50.jpg","https://choco-yummy.com.ua/image/cache/catalog/Products/Batonchiki/batonchik-rosso-bianco-dubigof-crispy-creamy-bar-30g-2-50x50.jpg","https://choco-yummy.com.ua/image/cache/catalog/Products/Batonchiki/batonchik-rosso-bianco-dubigof-crispy-creamy-bar-30g-8-50x50.jpg","","","https://choco-yummy.com.ua/ua/rosso-bianco-dubigof-crispy-creamy-bar-30g","https://choco-yummy.com.ua/image/cache/catalog/Products/Batonchiki/batonchik-rosso-bianco-dubigof-crispy-creamy-bar-30g-1-200x200.jpg","Дубайський шоколадний батончик Rosso Bianco DubiGof Crispy & Creamy Фісташковий 30г","Шоколадно-вафельний батончик DubiGof - це ніжні хрусткі вафельні коржі, м'який фісташковий крем і ве..","0.0","59","грн.","","","",""
"https://choco-yummy.com.ua/image/cache/catalog/Products/Shokolad/yajce-kinder-maxi-surprise-barbie-150g-1-50x50.jpg","https://choco-yummy.com.ua/image/cache/catalog/Products/Shokolad/yajce-kinder-maxi-surprise-barbie-150g-2-50x50.jpg","","","","https://choco-yummy.com.ua/ua/kinder-maxi-surprise-barbie-150g","https://choco-yummy.com.ua/image/cache/catalog/Products/Shokolad/yajce-kinder-maxi-surprise-barbie-150g-200x200.jpg","Кіндер Барбі Kinder Maxi Surprise Barbie 150г","Весняний подарунок від Кіндер для ваших юних мрійниць!Всередині капсули - одна з колекційних фігурок..","0.0","1 499","грн.","","","",""
"https://choco-yummy.com.ua/image/cache/catalog/Products/Shokolad/yajco-kinder-maxi-surprise-barbie-220g-2-50x50.jpg","https://choco-yummy.com.ua/image/cache/catalog/Products/Shokolad/yajco-kinder-maxi-surprise-barbie-220g-3-50x50.jpg","https://choco-yummy.com.ua/image/cache/catalog/Products/Shokolad/yajco-kinder-maxi-surprise-barbie-220g-5-50x50.jpg","https://choco-yummy.com.ua/image/cache/catalog/Products/Shokolad/yajco-kinder-maxi-surprise-barbie-220g-1-50x50.jpg","","https://choco-yummy.com.ua/ua/kinder-maxi-surprise-barbie-220g","https://choco-yummy.com.ua/image/cache/catalog/Products/Shokolad/yajco-kinder-maxi-surprise-barbie-220-g-1-200x200.jpg","Кіндер Барбі Максі Kinder Maxi Surprise Barbie 220г","Шоколадне яйце Kinder із сюрпризом у стилі Barbie - це мрія ваших принцес!Всередині - одна з фігурок..","0.0","1 799","грн.","","","",""