"image href","img-responsive src","product-name","product-desc","r-number","price","price 2","list-image src","list-image src 2","list-image src 3","list-image src 4","list-image src 5","list-image src 6"
"https://choco-yummy.com.ua/ua/lays-cheese-cranberry-130-g","https://choco-yummy.com.ua/image/cache/catalog/kinder/Znimok-ekrana-2026-04-07-o-120023-200x200.webp","Lay's Cheese Cranberry","Чіпси Lay's Cheese Cranberry - хвилі хрускоту зі смаком сиру та журавлини
Привіт, друже! Хочеш пора..","0.0","179","грн.","","","","","",""
"https://choco-yummy.com.ua/ua/genji-food-vegan-latiao-meat","https://choco-yummy.com.ua/image/cache/no_image-200x200.webp","Веганські снеки Латяо Genji Food Vegan Latiao Meat гострі 1шт","Веганські снеки Латяо Genji Food Vegan Latiao Meat — гострий смак без компромісівПривіт, друже! Хоче..","0.0","39","грн.","https://choco-yummy.com.ua/image/cache/no_image-50x50.webp","https://choco-yummy.com.ua/image/cache/no_image-50x50.webp","https://choco-yummy.com.ua/image/cache/no_image-50x50.webp","https://choco-yummy.com.ua/image/cache/no_image-50x50.webp","",""
"https://choco-yummy.com.ua/ua/spicy-snack-shuangzai-super-large-strips","https://choco-yummy.com.ua/image/cache/catalog/other/asiaFlafor/Asia3/spicy-snack-shuangzai-super-large-strips-2-200x200.webp","Гігантські снеки Spicy Snack Shuangzai Super Large Strips Гострі 888 г.","Гострі снеки Shuangzai — справжня знахідка для шанувальників насиченого смаку та оригінальних закусо..","0.0","","","https://choco-yummy.com.ua/image/cache/catalog/other/asiaFlafor/Asia3/spicy-snack-shuangzai-super-large-strips-3-50x50.webp","https://choco-yummy.com.ua/image/cache/catalog/other/asiaFlafor/Asia3/spicy-snack-shuangzai-super-large-strips-1-50x50.webp","","","",""
"https://choco-yummy.com.ua/ua/xiaolala-spicy-chips-indian-flying-cake-flavor","https://choco-yummy.com.ua/image/cache/catalog/other/asiaFlafor/Asia9/xiaolala-spicy-chips-indian-flying-cake-flavor-1-200x200.webp","Гігантське сухе латяо Xiaolala Spicy Chips Indian Flying Cake Flavor Гостре 900 г.","Xiaolala Spicy Chips Indian Flying Cake Flavor — це вражаючі найбільші чіпси-латяо в оригінальному с..","0.0","","","https://choco-yummy.com.ua/image/cache/catalog/other/asiaFlafor/Asia9/xiaolala-spicy-chips-indian-flying-cake-flavor-2-50x50.webp","https://choco-yummy.com.ua/image/cache/catalog/other/asiaFlafor/Asia9/xiaolala-spicy-chips-indian-flying-cake-flavor-3-50x50.webp","https://choco-yummy.com.ua/image/cache/catalog/other/asiaFlafor/Asia9/xiaolala-spicy-chips-indian-flying-cake-flavor-4-50x50.webp","https://choco-yummy.com.ua/image/cache/catalog/other/asiaFlafor/Asia9/xiaolala-spicy-chips-indian-flying-cake-flavor-5-50x50.webp","https://choco-yummy.com.ua/image/cache/catalog/other/asiaFlafor/Asia9/xiaolala-spicy-chips-indian-flying-cake-flavor-6-50x50.webp","https://choco-yummy.com.ua/image/cache/catalog/other/asiaFlafor/Asia9/xiaolala-spicy-chips-indian-flying-cake-flavor-7-50x50.webp"
"https://choco-yummy.com.ua/ua/takis-flare-hot-nuts-double-crunch-90g","https://choco-yummy.com.ua/image/cache/catalog/Products/Chipsi-i-sneki/oreshki-takis-flare-hot-nuts-double-crunch-90g-2-200x200.webp","Горіхи Takis Hot Nuts Flare Double Crunch Гострі 90г","Похрустимо горішками?)Смак арахісу насичений і зовсім не нудний - адже це ж Takis! Візьміть жменю і ..","0.0","219","грн.","https://choco-yummy.com.ua/image/cache/catalog/Products/Chipsi-i-sneki/oreshki-takis-flare-hot-nuts-double-crunch-90g-1-50x50.webp","https://choco-yummy.com.ua/image/cache/catalog/Products/Chipsi-i-sneki/oreshki-takis-flare-hot-nuts-double-crunch-90g-6-50x50.webp","https://choco-yummy.com.ua/image/cache/catalog/Products/Chipsi-i-sneki/oreshki-takis-flare-hot-nuts-double-crunch-90g-8-50x50.webp","https://choco-yummy.com.ua/image/cache/catalog/Products/Chipsi-i-sneki/oreshki-takis-flare-hot-nuts-double-crunch-90g-4-50x50.webp","https://choco-yummy.com.ua/image/cache/catalog/Products/Chipsi-i-sneki/oreshki-takis-flare-hot-nuts-double-crunch-90g-3-50x50.webp","https://choco-yummy.com.ua/image/cache/catalog/Products/Chipsi-i-sneki/oreshki-takis-flare-hot-nuts-double-crunch-90g-7-50x50.webp"
"https://choco-yummy.com.ua/ua/takis-hot-nuts-fuego-double-crunch-90g","https://choco-yummy.com.ua/image/cache/catalog/Products/Chipsi-i-sneki/oreshki-takis-hot-nuts-fuego-double-crunch-90g-1-200x200.webp","Горіхи Takis Hot Nuts Fuego Double Crunch Гострі 90г","Пікантно? Дуже! Адже це той самий Fuego!Чудовий варіант для вечора з фільмом або нудних нарад) І вза..","0.0","219","грн.","https://choco-yummy.com.ua/image/cache/catalog/Products/Chipsi-i-sneki/oreshki-takis-hot-nuts-fuego-double-crunch-90g-5-50x50.webp","https://choco-yummy.com.ua/image/cache/catalog/Products/Chipsi-i-sneki/oreshki-takis-hot-nuts-fuego-double-crunch-90g-4-50x50.webp","https://choco-yummy.com.ua/image/cache/catalog/Products/Chipsi-i-sneki/oreshki-takis-hot-nuts-fuego-double-crunch-90g-3-50x50.webp","https://choco-yummy.com.ua/image/cache/catalog/Products/Chipsi-i-sneki/oreshki-takis-hot-nuts-fuego-double-crunch-90g-2-50x50.webp","",""
"https://choco-yummy.com.ua/ua/be-cheery-x-lays-italian-red-meat-sauce-54g","https://choco-yummy.com.ua/image/cache/catalog/Products/Chipsi-i-sneki/gorihi-be-cheery-x-lays-italian-red-meat-sauce-54g-5-200x200.webp","Горіхи кеш'ю Be & Cheery x Lay's Italian Red Meat Sauce 54г","Змішати чіпси та кешью? Чому б і ні, якщо так смачно? У Азії так можуть!Відмінний варіант у колекцію..","0.0","199","грн.","https://choco-yummy.com.ua/image/cache/catalog/Products/Chipsi-i-sneki/gorihi-be-cheery-x-lays-italian-red-meat-sauce-54g-1-50x50.webp","https://choco-yummy.com.ua/image/cache/catalog/Products/Chipsi-i-sneki/gorihi-be-cheery-x-lays-italian-red-meat-sauce-54g-3-50x50.webp","https://choco-yummy.com.ua/image/cache/catalog/Products/Chipsi-i-sneki/gorihi-be-cheery-x-lays-italian-red-meat-sauce-54g-4-50x50.webp","https://choco-yummy.com.ua/image/cache/catalog/Products/Chipsi-i-sneki/gorihi-be-cheery-x-lays-italian-red-meat-sauce-54g-2-50x50.webp","",""
"https://choco-yummy.com.ua/ua/alesto-selection-cashewkerne-200g","https://choco-yummy.com.ua/image/cache/catalog/Products/Chipsi-i-sneki/gorihi-alesto-selection-cashewkerne-200g-1-200x200.webp","Горіхи Кешью Alesto Selection Cashewkerne 200г","Відбірні кеш'ю з серії Alesto Selection.Пакет хорошого формату - 200 грам. Закиньте у бардачок або т..","0.0","","","https://choco-yummy.com.ua/image/cache/catalog/Products/brand_pic/gorihi-alesto-selection-1-50x50.webp","https://choco-yummy.com.ua/image/cache/catalog/Products/brand_pic/alesto-selection-50x50.webp","","","",""
"https://choco-yummy.com.ua/ua/be-cheery-x-lays-buldak-spicy-54g","https://choco-yummy.com.ua/image/cache/catalog/Products/Chipsi-i-sneki/gorihi-be-cheery-x-lays-buldak-spicy-54g-3-200x200.webp","Гострі горіхи кеш'ю Be & Cheery x Lay's Buldak Spicy 54г","Фанати азіатського Buldak, для вас пачка офігенних горішків Be & Cheery x Lay's.Ця рідкісна кола..","0.0","199","грн.","https://choco-yummy.com.ua/image/cache/catalog/Products/Chipsi-i-sneki/gorihi-be-cheery-x-lays-buldak-spicy-54g-1-50x50.webp","https://choco-yummy.com.ua/image/cache/catalog/Products/Chipsi-i-sneki/gorihi-be-cheery-x-lays-buldak-spicy-54g-5-50x50.webp","https://choco-yummy.com.ua/image/cache/catalog/Products/Chipsi-i-sneki/gorihi-be-cheery-x-lays-buldak-spicy-54g-4-50x50.webp","https://choco-yummy.com.ua/image/cache/catalog/Products/Chipsi-i-sneki/gorihi-be-cheery-x-lays-buldak-spicy-54g-2-50x50.webp","",""
"https://choco-yummy.com.ua/ua/cheetos-macn-cheese-flamin-hot-160g","https://choco-yummy.com.ua/image/cache/catalog/Products/Chipsi-i-sneki/makarony_cheetos_macn_cheese_flamin_hot_160g_5-200x200.webp","Гострі макарони з сиром Cheetos Mac'n Cheese Flamin Hot 160г","Спеціально для любителів гостренького!!! В упаковці - класичні макарони Чітос із вершковим сиро..","0.0","199","грн.","https://choco-yummy.com.ua/image/cache/catalog/Products/Chipsi-i-sneki/makarony_cheetos_macn_cheese_flamin_hot_160g_3-50x50.webp","https://choco-yummy.com.ua/image/cache/catalog/Products/Chipsi-i-sneki/makarony_cheetos_macn_cheese_flamin_hot_160g_2-50x50.webp","https://choco-yummy.com.ua/image/cache/catalog/Products/Chipsi-i-sneki/makarony_cheetos_macn_cheese_flamin_hot_160g_4-50x50.webp","https://choco-yummy.com.ua/image/cache/catalog/Products/Chipsi-i-sneki/makarony_cheetos_macn_cheese_flamin_hot_160g_1-50x50.webp","",""
"https://choco-yummy.com.ua/ua/dd-classmate-kelp-knots-26g","https://choco-yummy.com.ua/image/cache/catalog/Products/Chipsi-i-sneki/snek-dd-classmate-kelp-knots-26g-3-200x200.webp","Гострі мариновані водорості DD' Classmate Kelp Knots 26г","Китайські морські вузлики)Морські водорості пов'язані вручну в плетені вузли невипадково - вони добр..","0.0","49","грн.","https://choco-yummy.com.ua/image/cache/catalog/Products/Chipsi-i-sneki/snek-dd-classmate-kelp-knots-26g-1-50x50.webp","https://choco-yummy.com.ua/image/cache/catalog/Products/Chipsi-i-sneki/snek-dd-classmate-kelp-knots-26g-2-50x50.webp","https://choco-yummy.com.ua/image/cache/catalog/Products/Chipsi-i-sneki/snek-dd-classmate-kelp-knots-26g-4-50x50.webp","","",""
"https://choco-yummy.com.ua/ua/samyang-buldak-da-mowang-konjac-hot-spicy-snack-15g","https://choco-yummy.com.ua/image/cache/catalog/photo-2026-05-11-16-04-54-200x200.webp","Гострі снеки Samyang Buldak Da Mowang Konjac Hot & Spicy Конжак 15г","Незвичайний корейський снек, створений Samyang у партнерстві з Yanjinpuzi - китайським брендом, що с..","0.0","49","грн.","https://choco-yummy.com.ua/image/cache/catalog/Products/Chipsi-i-sneki/snek-samyang-buldak-da-mowang-konjac-hot-spicy-15g-5-50x50.webp","https://choco-yummy.com.ua/image/cache/catalog/Products/Chipsi-i-sneki/snek-samyang-buldak-da-mowang-konjac-hot-spicy-15g-3-50x50.webp","https://choco-yummy.com.ua/image/cache/catalog/Products/Chipsi-i-sneki/snek-samyang-buldak-da-mowang-konjac-hot-spicy-15g-4-50x50.webp","","",""
"https://choco-yummy.com.ua/ua/samyang-buldak-da-mowang-konjac-hot-spicy-snack-20x15g","https://choco-yummy.com.ua/image/cache/catalog/photo-2026-05-11-16-01-15-200x200.webp","Гострі снеки Samyang Buldak Da Mowang Konjac Hot & Spicy Конжак 20x15г","Вогняний сет для фанатів корейської кухні.Конжак - азіатський тренд - легкий, низькокалорійний інгре..","0.0","799","грн.","https://choco-yummy.com.ua/image/cache/catalog/Products/Chipsi-i-sneki/snek-samyang-buldak-da-mowang-konjac-hot-spicy-snack-20x15g-1-50x50.webp","https://choco-yummy.com.ua/image/cache/catalog/Products/Chipsi-i-sneki/snek-samyang-buldak-da-mowang-konjac-hot-spicy-snack-20x15g-3-50x50.webp","https://choco-yummy.com.ua/image/cache/catalog/Products/Chipsi-i-sneki/snek-samyang-buldak-da-mowang-konjac-hot-spicy-snack-20x15g-2-50x50.webp","","",""
"https://choco-yummy.com.ua/ua/lays-latiao-spicy-strip-flavor-potato-chips-60g","https://choco-yummy.com.ua/image/cache/catalog/Products/Chipsi-i-sneki/chipsy-lays-latiao-spicy-strip-60g-3-200x200.webp","Гострі чіпси Lay's Latiao Spicy Strip Латяо 60г","Полюєте за незвичайними смаками з усього світу? Спробуйте Lay's Latiao.Якщо любите гостре, обов'язко..","0.0","219","грн.","https://choco-yummy.com.ua/image/cache/catalog/Products/Chipsi-i-sneki/chipsy-lays-latiao-spicy-strip-60g-2-50x50.webp","https://choco-yummy.com.ua/image/cache/catalog/Products/Chipsi-i-sneki/chipsy-lays-latiao-spicy-strip-60g-1-50x50.webp","https://choco-yummy.com.ua/image/cache/catalog/Products/Chipsi-i-sneki/chipsy-lays-latiao-spicy-strip-60g-50x50.webp","","",""
"https://choco-yummy.com.ua/ua/lays-potato-chips-spicy-crayfish-70g","https://choco-yummy.com.ua/image/cache/catalog/Products/Chipsi-i-sneki/chipsy-lays-spicy-crayfish-70g-4-200x200.webp","Гострі Чіпси Lays Spicy Crayfish Раки 70г","Чудова пачка від Lays, коли хочеться чогось нестандартного.На метушливих китайських вуличках ви част..","0.0","219","грн.","https://choco-yummy.com.ua/image/cache/catalog/Products/Chipsi-i-sneki/chipsy-lays-spicy-crayfish-70g-1-50x50.webp","https://choco-yummy.com.ua/image/cache/catalog/Products/Chipsi-i-sneki/chipsy-lays-spicy-crayfish-70g-2-50x50.webp","https://choco-yummy.com.ua/image/cache/catalog/Products/Chipsi-i-sneki/chipsy-lays-spicy-crayfish-70g-3-50x50.webp","https://choco-yummy.com.ua/image/cache/catalog/Products/Chipsi-i-sneki/chipsy-lays-spicy-crayfish-70g-5-50x50.webp","",""
"https://choco-yummy.com.ua/ua/pringles-enchilada-adobada-potato-158g","https://choco-yummy.com.ua/image/cache/catalog/Products/Chipsi-i-sneki/chipsy_pringles_enchilada_adobada_potato_158g_3-200x200.webp","Гострі чіпси Pringles Enchilada Adobada Potato Свинина в соусі чилі 158г","Чіпси Pringles Enchilada Adobada - більше, ніж чіпси. Це - мексиканські пристрасті)Прінглс вирішили ..","0.0","299","грн.","https://choco-yummy.com.ua/image/cache/catalog/Products/Chipsi-i-sneki/chipsy_pringles_enchilada_adobada_potato_158g_1-50x50.webp","https://choco-yummy.com.ua/image/cache/catalog/Products/Chipsi-i-sneki/chipsy_pringles_enchilada_adobada_potato_158g_2-50x50.webp","https://choco-yummy.com.ua/image/cache/catalog/Products/Chipsi-i-sneki/chipsy_pringles_enchilada_adobada_potato_158g_4-50x50.webp","https://choco-yummy.com.ua/image/cache/catalog/Products/Chipsi-i-sneki/chipsy_pringles_enchilada_adobada_potato_158g_5-50x50.webp","",""
"https://choco-yummy.com.ua/ua/pringles-hot-smokin-bbq-ribs-160g","https://choco-yummy.com.ua/image/cache/catalog/Products/Chipsi-i-sneki/chipsy_pringles_hot_smokin_bbq_ribs_160g_2-200x200.webp","Гострі Чіпси Pringles HOT Smokin' BBQ Ribs Барбекю та Чилі 160г","Є ті, хто залюбки прогулюється фудкортом у пошуках ситного перекусу?) Тоді бігом сюди! Картопляні ск..","0.0","159","грн.","https://choco-yummy.com.ua/image/cache/catalog/Products/Chipsi-i-sneki/chipsy_pringles_hot_smokin_bbq_ribs_160g_3-50x50.webp","https://choco-yummy.com.ua/image/cache/catalog/Products/Chipsi-i-sneki/chipsy_pringles_hot_smokin_bbq_ribs_160g_1-50x50.webp","","","",""
"https://choco-yummy.com.ua/ua/samyang-buldak-4-cheese-potato-chips-55g","https://choco-yummy.com.ua/image/cache/catalog/Products/Chipsi-i-sneki/chipsy-samyang-buldak-4-cheese-55g-2-200x200.webp","Гострі чіпси Samyang Buldak 4 Cheese Chips 4 сири 55г","Неповторний баланс між ніжною пікантністю сирів та пекучістю спецій Buldak.Корейські чіпси обсмажені..","0.0","259","грн.","https://choco-yummy.com.ua/image/cache/catalog/Products/Chipsi-i-sneki/chipsy-samyang-buldak-4-cheese-55g-3-50x50.webp","https://choco-yummy.com.ua/image/cache/catalog/Products/Chipsi-i-sneki/chipsy-samyang-buldak-4-cheese-55g-1-50x50.webp","https://choco-yummy.com.ua/image/cache/catalog/Products/Chipsi-i-sneki/chipsy-samyang-buldak-4-cheese-55g-6-50x50.webp","https://choco-yummy.com.ua/image/cache/catalog/Products/Chipsi-i-sneki/chipsy-samyang-buldak-4-cheese-55g-5-50x50.webp","https://choco-yummy.com.ua/image/cache/catalog/Products/Chipsi-i-sneki/chipsy-samyang-buldak-4-cheese-55g-4-50x50.webp","https://choco-yummy.com.ua/image/cache/catalog/Products/Chipsi-i-sneki/chipsy-samyang-buldak-4-cheese-55g-7-50x50.webp"
"https://choco-yummy.com.ua/ua/samyang-buldak-potato-chips-habanero-lime-55g","https://choco-yummy.com.ua/image/cache/catalog/Products/Chipsi-i-sneki/chipsy_samyang_buldak_habanero_lime_55g_1-200x200.webp","Гострі Чіпси Samyang Buldak Potato Chips Habanero Lime Хабанеро і Лайм 55г","Пекельні чіпси! Пакет корейських чіпсів від Samyang для тих, хто не боїться вогню, хоче експерименті..","0.0","259","грн.","https://choco-yummy.com.ua/image/cache/catalog/Products/Chipsi-i-sneki/chipsy_samyang_buldak_habanero_lime_55g_7-50x50.webp","https://choco-yummy.com.ua/image/cache/catalog/Products/Chipsi-i-sneki/chipsy_samyang_buldak_habanero_lime_55g_4-50x50.webp","https://choco-yummy.com.ua/image/cache/catalog/Products/Chipsi-i-sneki/chipsy_samyang_buldak_habanero_lime_55g_3-50x50.webp","https://choco-yummy.com.ua/image/cache/catalog/Products/Chipsi-i-sneki/chipsy_samyang_buldak_habanero_lime_55g_6-50x50.webp","https://choco-yummy.com.ua/image/cache/catalog/Products/Chipsi-i-sneki/chipsy_samyang_buldak_habanero_lime_55g_5-50x50.webp","https://choco-yummy.com.ua/image/cache/catalog/Products/Chipsi-i-sneki/chipsy_samyang_buldak_habanero_lime_55g_2-50x50.webp"
"https://choco-yummy.com.ua/ua/samyang-buldak-potato-chips-habanero-lime-120g","https://choco-yummy.com.ua/image/cache/catalog/Anew/48-65/06-habanero-lime/samyang-buldak-potato-chips-habanero-lime-0-200x200.webp","Гострі Чіпси Samyang Buldak Potato Chips Habanero Lime Хабанеро з Лаймом 120г","Гострі чипси Samyang Buldak Potato Chips Habanero Lime — вогняний хрускіт із лаймовою іскроюПривіт, ..","0.0","499","грн.","https://choco-yummy.com.ua/image/cache/catalog/Anew/48-65/06-habanero-lime/samyang-buldak-potato-chips-habanero-lime-1-50x50.webp","https://choco-yummy.com.ua/image/cache/catalog/Anew/48-65/06-habanero-lime/samyang-buldak-potato-chips-habanero-lime-2-50x50.webp","https://choco-yummy.com.ua/image/cache/catalog/Anew/48-65/06-habanero-lime/samyang-buldak-potato-chips-habanero-lime-3-50x50.webp","https://choco-yummy.com.ua/image/cache/catalog/Anew/48-65/06-habanero-lime/samyang-buldak-potato-chips-habanero-lime-4-50x50.webp","https://choco-yummy.com.ua/image/cache/catalog/Anew/48-65/06-habanero-lime/samyang-buldak-potato-chips-habanero-lime-5-50x50.webp","https://choco-yummy.com.ua/image/cache/catalog/Anew/48-65/06-habanero-lime/samyang-buldak-potato-chips-habanero-lime-6-50x50.webp"
"https://choco-yummy.com.ua/ua/samyang-burduck-potato-chips-original-55g","https://choco-yummy.com.ua/image/cache/catalog/Products/Chipsi-i-sneki/chipsy-samyang-burduck-original-55g-1-200x200.webp","Гострі чіпси Samyang Burduck Chips Original Чилі 55г","Корейські картопляні чіпси від майстра вогню – Samyang!Корейські чіпси з чудово хрусткою текстурою, ..","0.0","249","грн.","https://choco-yummy.com.ua/image/cache/no_image-50x50.webp","https://choco-yummy.com.ua/image/cache/catalog/Products/Chipsi-i-sneki/chipsy-samyang-burduck-original-55g-7-50x50.webp","https://choco-yummy.com.ua/image/cache/catalog/Products/Chipsi-i-sneki/chipsy-samyang-burduck-original-55g-5-50x50.webp","https://choco-yummy.com.ua/image/cache/catalog/Products/Chipsi-i-sneki/chipsy-samyang-burduck-original-55g-2-50x50.webp","https://choco-yummy.com.ua/image/cache/catalog/Products/Chipsi-i-sneki/chipsy-samyang-burduck-original-55g-4-50x50.webp","https://choco-yummy.com.ua/image/cache/catalog/Products/Chipsi-i-sneki/chipsy-samyang-burduck-original-55g-6-50x50.webp"
"https://choco-yummy.com.ua/ua/takis-blue-heat-waves-hot-chili-pepper-lime-chips-226g","https://choco-yummy.com.ua/image/cache/catalog/Products/Chipsi-i-sneki/chipsy-takis-blue-heat-waves-hot-chili-pepper-lime-226g-1-200x200.webp","Гострі чіпси Takis Blue Heat Waves Hot Chili & Lime Чилі та Лайм 226г","Виглядають, як спецефекти.Ідеальний формат від Takis для фанатів екстремально гострих снеків, челенд..","0.0","499","грн.","https://choco-yummy.com.ua/image/cache/catalog/Products/Chipsi-i-sneki/chipsy-takis-blue-heat-waves-hot-chili-pepper-lime-226g-1-1-50x50.webp","https://choco-yummy.com.ua/image/cache/catalog/Products/Chipsi-i-sneki/chipsy-takis-blue-heat-waves-hot-chili-pepper-lime-226g-2-1-50x50.webp","https://choco-yummy.com.ua/image/cache/catalog/Products/Chipsi-i-sneki/chipsy-takis-blue-heat-waves-hot-chili-pepper-lime-226g-3-50x50.webp","https://choco-yummy.com.ua/image/cache/catalog/Products/Chipsi-i-sneki/chipsy-takis-blue-heat-waves-hot-chili-pepper-lime-226g-2-50x50.webp","https://choco-yummy.com.ua/image/cache/catalog/Products/Chipsi-i-sneki/chipsy-takis-blue-heat-waves-hot-chili-pepper-lime-226g-4-50x50.webp",""
"https://choco-yummy.com.ua/ua/spicy-chips-indian-flying-cake-flavor","https://choco-yummy.com.ua/image/cache/catalog/other/1-20/SpicyChips/spicy-chips-indian-flying-cake-flavor-6-200x200.webp","Гострі Чіпси латяо  Spicy Chips Latiao Indian Flying Cake Flavor зі Смаком Тістечка 0.9 кг.","6409, Гострі Чіпси Spicy Chips Indian Flying Cake Flavor зі Смаком Тістечка 0.9 кг., , 1,599 грн., S..","0.0","","","https://choco-yummy.com.ua/image/cache/catalog/other/1-20/SpicyChips/spicy-chips-indian-flying-cake-flavor-7-50x50.webp","https://choco-yummy.com.ua/image/cache/catalog/other/1-20/SpicyChips/spicy-chips-indian-flying-cake-flavor-1-50x50.webp","https://choco-yummy.com.ua/image/cache/catalog/other/1-20/SpicyChips/spicy-chips-indian-flying-cake-flavor-2-50x50.webp","https://choco-yummy.com.ua/image/cache/catalog/other/1-20/SpicyChips/spicy-chips-indian-flying-cake-flavor-3-50x50.webp","https://choco-yummy.com.ua/image/cache/catalog/other/1-20/SpicyChips/spicy-chips-indian-flying-cake-flavor-4-50x50.webp","https://choco-yummy.com.ua/image/cache/catalog/other/1-20/SpicyChips/spicy-chips-indian-flying-cake-flavor-5-50x50.webp"
"https://choco-yummy.com.ua/ua/tohato-demon-king-jolokia-90g","https://choco-yummy.com.ua/image/cache/catalog/Products/Chipsi-i-sneki/snek-tohato-demon-king-jolokia-90g-3-200x200.webp","Гострі Японські снеки Tohato Demon King Jolokia 90г","Думаєте, все гостре вже перепробували?)Упаковка японського снеку - це виклик, випробування для сміли..","0.0","299","грн.","https://choco-yummy.com.ua/image/cache/catalog/Products/Chipsi-i-sneki/snek-tohato-demon-king-jolokia-90g-4-50x50.webp","https://choco-yummy.com.ua/image/cache/catalog/Products/Chipsi-i-sneki/snek-tohato-demon-king-jolokia-90g-2-50x50.webp","https://choco-yummy.com.ua/image/cache/catalog/Products/Chipsi-i-sneki/snek-tohato-demon-king-jolokia-90g-1-50x50.webp","","",""
"https://choco-yummy.com.ua/ua/samyang-buldak-2x-spicy-hot-chicken-ramen-140g","https://choco-yummy.com.ua/image/cache/catalog/Products/Chipsi-i-sneki/lapsha-samyang-buldak-2x-spicy-hot-chicken-ramen-140g-2-200x200.webp","Гостра Локшина Samyang Buldak 2x Spicy Hot Chicken Ramen Булдак Рамен 140г","Найпідступніше в раменах Samyang - вони шалено апетитно пахнуть) Хочеться скуштувати навіть тим, хто..","0.0","199","грн.","https://choco-yummy.com.ua/image/cache/catalog/Products/Chipsi-i-sneki/lapsha-samyang-buldak-2x-spicy-hot-chicken-ramen-140g-3-50x50.webp","https://choco-yummy.com.ua/image/cache/catalog/Products/Chipsi-i-sneki/lapsha-samyang-buldak-2x-spicy-hot-chicken-ramen-140g-5-50x50.webp","https://choco-yummy.com.ua/image/cache/catalog/Products/Chipsi-i-sneki/lapsha-samyang-buldak-2x-spicy-hot-chicken-ramen-140g-4-50x50.webp","https://choco-yummy.com.ua/image/cache/catalog/Products/Chipsi-i-sneki/lapsha-samyang-buldak-2x-spicy-hot-chicken-ramen-140g-6-50x50.webp","https://choco-yummy.com.ua/image/cache/catalog/Products/Chipsi-i-sneki/lapsha-samyang-buldak-2x-spicy-hot-chicken-ramen-140g-7-50x50.webp","https://choco-yummy.com.ua/image/cache/catalog/Products/Chipsi-i-sneki/lapsha-samyang-buldak-2x-spicy-hot-chicken-ramen-140g-1-50x50.webp"
"https://choco-yummy.com.ua/ua/samyang-buldak-habanero-lime-instant-noodles-135g","https://choco-yummy.com.ua/image/cache/catalog/Products/Chipsi-i-sneki/lapsha_samyang_buldak_habanero_lime_instant_noodles_135g_2-200x200.jpg","Гостра Локшина Samyang Buldak Habanero Lime Flavour Instant Noodles Лайм і Хабанеро 135г","Ваші палкі гарячі серця жадають вогню?) Тоді беріть культовий Samyang - локшину швидкого приготуванн..","0.0","","","https://choco-yummy.com.ua/image/cache/catalog/Products/Chipsi-i-sneki/lapsha_samyang_buldak_habanero_lime_instant_noodles_135g_1-50x50.jpg","https://choco-yummy.com.ua/image/cache/catalog/Products/Chipsi-i-sneki/lapsha_samyang_buldak_habanero_lime_instant_noodles_135g_4-50x50.jpg","https://choco-yummy.com.ua/image/cache/catalog/Products/Chipsi-i-sneki/lapsha_samyang_buldak_habanero_lime_instant_noodles_135g_3-50x50.jpg","","",""
"https://choco-yummy.com.ua/ua/samyang-buldak-hot-chicken-ramen-stew-145g","https://choco-yummy.com.ua/image/cache/catalog/Products/Chipsi-i-sneki/lapsha_samyang_buldak_hot_chicken_ramen_stew_145g_1-200x200.jpg","Гостра Локшина Рамен Samyang Buldak Hot Chicken Ramen Stew Курка 145г","Пакет із локшиною Buldak Hot Chicken Ramen Stew - це ще один корейський Рамен із лінійки Samyang.У п..","0.0","149","грн.","https://choco-yummy.com.ua/image/cache/catalog/Products/Chipsi-i-sneki/lapsha_samyang_buldak_hot_chicken_ramen_stew_145g_2-50x50.jpg","https://choco-yummy.com.ua/image/cache/catalog/Products/Chipsi-i-sneki/lapsha_samyang_buldak_hot_chicken_ramen_stew_145g_3-50x50.jpg","https://choco-yummy.com.ua/image/cache/catalog/Products/Chipsi-i-sneki/lapsha_samyang_buldak_hot_chicken_ramen_stew_145g_4-50x50.jpg","","",""
"https://choco-yummy.com.ua/ua/cheetos-minis-cheese-cheddar-jalapeno-102g","https://choco-yummy.com.ua/image/cache/catalog/Products/Chipsi-i-sneki/snek-cheetos-minis-cheese-cheddar-jalapeno-102g-2-200x200.jpg","Гострий Снек Cheetos Minis Cheese Cheddar Jalapeño Чеддер Халапеньо 102г","Легкі, повітряні міні-сніки Cheetos зі смаком сиру чеддер і халапеньйо. Це ті самі ваші улюблені кра..","0.0","299","грн.","https://choco-yummy.com.ua/image/cache/catalog/Products/Chipsi-i-sneki/snek-cheetos-minis-cheese-cheddar-jalapeno-102g-3-50x50.jpg","https://choco-yummy.com.ua/image/cache/catalog/Products/Chipsi-i-sneki/snek-cheetos-minis-cheese-cheddar-jalapeno-102g-4-50x50.jpg","https://choco-yummy.com.ua/image/cache/catalog/Products/Chipsi-i-sneki/snek-cheetos-minis-cheese-cheddar-jalapeno-102g-1-50x50.jpg","","",""
"https://choco-yummy.com.ua/ua/samyang-2x-spicy-zzaldduk-extreme-buldak-halal-80g","https://choco-yummy.com.ua/image/cache/catalog/Products/Chipsi-i-sneki/samyang-2x-spicy-zzaldduk-extreme-buldak-halal-80g-3-200x200.jpg","Гострий снек Samyang 2X SPICY Zzaldduk Extreme Buldak HALAL Булдак 80г","Дуже зігріваючий снек!2X гостріше, ніж думаєте! Без паузи зжерти всю порцію неможливо...) У складі -..","0.0","199","грн.","https://choco-yummy.com.ua/image/cache/catalog/Products/Chipsi-i-sneki/samyang-2x-spicy-zzaldduk-extreme-buldak-halal-80g-1-50x50.jpg","https://choco-yummy.com.ua/image/cache/catalog/Products/Chipsi-i-sneki/samyang-2x-spicy-zzaldduk-extreme-buldak-halal-80g-2-50x50.jpg","","","",""
"https://choco-yummy.com.ua/ua/samyang-x-yanjinpuzi-buldak-da-mowang-konjac-snack-18g","https://choco-yummy.com.ua/image/cache/catalog/Products/Chipsi-i-sneki/snek-samyang-x-yanjinpuzi-buldak-da-mowang-konjac-snack-18g-1-200x200.jpg","Гострий снек Samyang x Yanjinpuzi Buldak Da Mowang Konjac Snack 18г","Азіатські міні-снеки.Основа снеку - борошно з рослини конжак (конняку) та соєвий білок.Снеки щедро п..","0.0","49","грн.","https://choco-yummy.com.ua/image/cache/catalog/Products/Chipsi-i-sneki/snek-samyang-x-yanjinpuzi-buldak-da-mowang-konjac-snack-18g-3-50x50.jpg","https://choco-yummy.com.ua/image/cache/catalog/Products/Chipsi-i-sneki/snek-samyang-x-yanjinpuzi-buldak-da-mowang-konjac-snack-18g-4-50x50.jpg","https://choco-yummy.com.ua/image/cache/catalog/Products/Chipsi-i-sneki/snek-samyang-x-yanjinpuzi-buldak-da-mowang-konjac-snack-18g-5-50x50.jpg","https://choco-yummy.com.ua/image/cache/catalog/Products/Chipsi-i-sneki/snek-samyang-x-yanjinpuzi-buldak-da-mowang-konjac-snack-18g-6-50x50.jpg","https://choco-yummy.com.ua/image/cache/catalog/Products/Chipsi-i-sneki/snek-samyang-x-yanjinpuzi-buldak-da-mowang-konjac-snack-18g-2-50x50.jpg",""
"https://choco-yummy.com.ua/ua/samyang-zzaldduk-hot-chicken-120g","https://choco-yummy.com.ua/image/cache/catalog/Products/Chipsi-i-sneki/snek-samyang-zzaldduk-hot-chicken-120g-3-200x200.jpg","Гострий снек Samyang Zzaldduk Hot Chicken Курячий Рамен 120г","Для тих, хто жадає гострих відчуттів і любить азіатські Рамени!Samyang - бренд, який славиться пакет..","0.0","199","грн.","https://choco-yummy.com.ua/image/cache/catalog/Products/Chipsi-i-sneki/snek-samyang-zzaldduk-hot-chicken-120g-4-50x50.jpg","https://choco-yummy.com.ua/image/cache/catalog/Products/Chipsi-i-sneki/snek-samyang-zzaldduk-hot-chicken-120g-2-50x50.jpg","https://choco-yummy.com.ua/image/cache/catalog/Products/Chipsi-i-sneki/snek-samyang-zzaldduk-hot-chicken-120g-1-50x50.jpg","","",""
"https://choco-yummy.com.ua/ua/weilong-konjac-shuang-sichuan-10g","https://choco-yummy.com.ua/image/cache/catalog/Products/Chipsi-i-sneki/snek-weilong-konjac-shuang-sichuan-10g-6-200x200.jpg","Гострий снек Weilong Konjac Shuang Sichuan 10г","Китайська гостра кухня! Подобається?Основа снеку — конжак (конньяку): пружний, злегка тягучий. Чудов..","0.0","49","грн.","https://choco-yummy.com.ua/image/cache/catalog/Products/Chipsi-i-sneki/snek-weilong-konjac-shuang-sichuan-10g-1-50x50.jpg","https://choco-yummy.com.ua/image/cache/catalog/Products/Chipsi-i-sneki/snek-weilong-konjac-shuang-sichuan-10g-4-50x50.jpg","https://choco-yummy.com.ua/image/cache/catalog/Products/Chipsi-i-sneki/snek-weilong-konjac-shuang-sichuan-10g-5-50x50.jpg","https://choco-yummy.com.ua/image/cache/catalog/Products/Chipsi-i-sneki/snek-weilong-konjac-shuang-sichuan-10g-3-50x50.jpg","https://choco-yummy.com.ua/image/cache/catalog/Products/Chipsi-i-sneki/snek-weilong-konjac-shuang-sichuan-10g-2-50x50.jpg",""
"https://choco-yummy.com.ua/ua/hot-chip-challenge-solo-pack-2g","https://choco-yummy.com.ua/image/cache/catalog/Products/Chipsi-i-sneki/chipsy_hot_chip_challenge_solo_pack_2g_2-200x200.jpg","Екстра гострі чіпси HOT-CHIP Challenge Solo Pack Кукурудзяні 2.5г","Готові спробувати HOT-CHIP Challenge - НАЙГОСТРІШИЙ чіпс у світі? Його вогняна міць валить з ніг нав..","0.0","","","https://choco-yummy.com.ua/image/cache/catalog/Products/Chipsi-i-sneki/chipsy_hot_chip_challenge_solo_pack_2g_6-50x50.jpg","https://choco-yummy.com.ua/image/cache/catalog/Products/Chipsi-i-sneki/chipsy_hot_chip_challenge_solo_pack_2g_7-50x50.jpg","https://choco-yummy.com.ua/image/cache/catalog/Products/Chipsi-i-sneki/chipsy_hot_chip_challenge_solo_pack_2g_1-50x50.jpg","https://choco-yummy.com.ua/image/cache/catalog/Products/Chipsi-i-sneki/chipsy_hot_chip_challenge_solo_pack_2g_5-50x50.jpg","https://choco-yummy.com.ua/image/cache/catalog/Products/Chipsi-i-sneki/chipsy_hot_chip_challenge_solo_pack_2g_3-50x50.jpg","https://choco-yummy.com.ua/image/cache/catalog/Products/Chipsi-i-sneki/scoville_scale-50x50.png"
"https://choco-yummy.com.ua/ua/takis-fuego-hot-chili-pepper-lime-extreme-tortilla-284g","https://choco-yummy.com.ua/image/cache/catalog/Products/Chipsi-i-sneki/chipsy_takis_fuego_hot_chili_pepper_lime_284g_2-200x200.jpg","Екстра гострі Чіпси Takis Fuego Hot Chili Pepper & Lime Extreme Spicy Tortilla Чилі і Лайм 28.4г","Якщо пристрасть, як хочеться екстремально гострого, то пачка чіпсів Takis Fuego Hot Chili Pepper &am..","0.0","69","грн.","https://choco-yummy.com.ua/image/cache/catalog/Products/Chipsi-i-sneki/chipsy_takis_fuego_hot_chili_pepper_lime_284g_5-50x50.jpg","https://choco-yummy.com.ua/image/cache/catalog/Products/Chipsi-i-sneki/chipsy_takis_fuego_hot_chili_pepper_lime_284g_3-50x50.jpg","https://choco-yummy.com.ua/image/cache/catalog/Products/Chipsi-i-sneki/chipsy_takis_fuego_hot_chili_pepper_lime_284g_6-50x50.jpg","https://choco-yummy.com.ua/image/cache/catalog/Products/Chipsi-i-sneki/chipsy_takis_fuego_hot_chili_pepper_lime_284g_1-50x50.jpg","https://choco-yummy.com.ua/image/cache/catalog/Products/Chipsi-i-sneki/chipsy_takis_fuego_hot_chili_pepper_lime_284g_4-50x50.jpg",""
"https://choco-yummy.com.ua/ua/takis-blue-heat-blue-chips-fiesta-size-200g","https://choco-yummy.com.ua/image/cache/catalog/Products/Chipsi-i-sneki/chipsy-takis-blue-heat-blue-chips-fiesta-size-200g-4-200x200.jpg","Екстра гострі чіпси з перцем чилі Takis Blue Heat Blue Chips 200г","Takis Blue Heat — це не просто чіпси, а справжній виклик для любителів надзвичайно гострих снеків. Б..","0.0","379","грн.","https://choco-yummy.com.ua/image/cache/catalog/Products/Chipsi-i-sneki/chipsy-takis-blue-heat-blue-chips-fiesta-size-200g-3-50x50.jpg","https://choco-yummy.com.ua/image/cache/catalog/Products/Chipsi-i-sneki/chipsy-takis-blue-heat-blue-chips-fiesta-size-200g-5-50x50.jpg","https://choco-yummy.com.ua/image/cache/catalog/Products/Chipsi-i-sneki/chipsy-takis-blue-heat-blue-chips-fiesta-size-200g-1-50x50.jpg","https://choco-yummy.com.ua/image/cache/catalog/Products/Chipsi-i-sneki/chipsy-takis-blue-heat-blue-chips-fiesta-size-200g-2-50x50.jpg","",""
"https://choco-yummy.com.ua/ua/takis-blue-heat-blue-chips-92-g","https://choco-yummy.com.ua/image/cache/catalog/Products/Chipsi-i-sneki/chipsy_takis_blue_heat_blue_chips_92_g_4-200x200.jpg","Екстра Гострі чіпси з перцем Чилі Takis Blue Heat Blue Chips 92.3г","Гостріше нікуди! Чипси з чилі Takis Blue Heat Chips не для слабаків, вони для справжніх мачо та люби..","0.0","249","грн.","https://choco-yummy.com.ua/image/cache/catalog/Products/Chipsi-i-sneki/chipsy_takis_blue_heat_blue_chips_92_g_3-50x50.jpg","https://choco-yummy.com.ua/image/cache/catalog/Products/Chipsi-i-sneki/chipsy_takis_blue_heat_blue_chips_92_g_2-50x50.jpg","https://choco-yummy.com.ua/image/cache/catalog/Products/Chipsi-i-sneki/chipsy_takis_blue_heat_blue_chips_92_g_1-50x50.jpg","","",""
"https://choco-yummy.com.ua/ua/takis-blue-heat-rolled-tortilla-chips-280g","https://choco-yummy.com.ua/image/cache/catalog/Products/Chipsi-i-sneki/chipsy_takis_blue_heat_rolled_tortilla_chips_280g_2-200x200.jpg","Екстра Гострі чіпси з перцем Чилі Takis Blue Heat Rolled Tortilla Chips 280.7г","Чіпси з чилі Takis Blue Heat Chips не для слабаків, вони для справжніх мачо та любителів екстриму!Не..","0.0","399","грн.","https://choco-yummy.com.ua/image/cache/catalog/Products/Chipsi-i-sneki/chipsy_takis_blue_heat_rolled_tortilla_chips_280g_3-50x50.jpg","https://choco-yummy.com.ua/image/cache/catalog/Products/Chipsi-i-sneki/chipsy_takis_blue_heat_blue_chips_92_g_2-50x50.jpg","https://choco-yummy.com.ua/image/cache/catalog/Products/Chipsi-i-sneki/chipsy_takis_blue_heat_rolled_tortilla_chips_280g_1-50x50.jpg","https://choco-yummy.com.ua/image/cache/catalog/Products/Chipsi-i-sneki/chipsy_takis_blue_heat_rolled_tortilla_chips_280g_4-50x50.jpg","",""
"https://choco-yummy.com.ua/ua/samyang-buldak-hot-chicken-ramen-noodles-140g","https://choco-yummy.com.ua/image/cache/catalog/Products/Chipsi-i-sneki/lapsha_samyang_buldak_hot_chicken_ramen_noodles_140g_3-200x200.jpg","Екстра Гостра Локшина Samyang Buldak Hot Chicken Flavour Ramen Ramen Рамен з Куркою 140г","Хто готовий випробувати власні межі?) В упаковці Buldak Hot Chicken Ramen - корейська локшина, одна ..","0.0","149","грн.","https://choco-yummy.com.ua/image/cache/catalog/Products/Chipsi-i-sneki/lapsha_samyang_buldak_hot_chicken_ramen_noodles_140g_4-50x50.jpg","https://choco-yummy.com.ua/image/cache/catalog/Products/Chipsi-i-sneki/lapsha_samyang_buldak_hot_chicken_ramen_noodles_140g_5-50x50.jpg","https://choco-yummy.com.ua/image/cache/catalog/Products/Chipsi-i-sneki/lapsha_samyang_buldak_hot_chicken_ramen_noodles_140g_2-50x50.jpg","https://choco-yummy.com.ua/image/cache/catalog/Products/Chipsi-i-sneki/lapsha_samyang_buldak_hot_chicken_ramen_noodles_140g_1-50x50.jpg","",""
"https://choco-yummy.com.ua/ua/hot-chip-salt-chip-challenge-extremely-8g","https://choco-yummy.com.ua/image/cache/catalog/Products/Chipsi-i-sneki/chips-hot-chip-salt-chip-challenge-extremely-8g-1-200x200.jpg","Екстра солоні чіпси HOT-CHIP Salt Chip Challenge Extremely Кукурудзяні (1 штука) 8г","Справжня сольова буря!Тортилья вагою 8 грамів містить 3,84 г солі - добову норму солі за рекомендаці..","0.0","","","https://choco-yummy.com.ua/image/cache/catalog/Products/Chipsi-i-sneki/chips-hot-chip-salt-chip-challenge-extremely-8g-5-50x50.jpg","https://choco-yummy.com.ua/image/cache/catalog/Products/Chipsi-i-sneki/chips-hot-chip-salt-chip-challenge-extremely-8g-7-50x50.jpg","https://choco-yummy.com.ua/image/cache/catalog/Products/Chipsi-i-sneki/chips-hot-chip-salt-chip-challenge-extremely-8g-3-50x50.jpg","https://choco-yummy.com.ua/image/cache/catalog/Products/Chipsi-i-sneki/chips-hot-chip-salt-chip-challenge-extremely-8g-8-50x50.jpg","https://choco-yummy.com.ua/image/cache/catalog/Products/Chipsi-i-sneki/chips-hot-chip-salt-chip-challenge-extremely-8g-2-50x50.jpg","https://choco-yummy.com.ua/image/cache/catalog/Products/Chipsi-i-sneki/chips-hot-chip-salt-chip-challenge-extremely-8g-6-50x50.jpg"
"https://choco-yummy.com.ua/ua/genji-food-latiao-spicy-snack","https://choco-yummy.com.ua/image/cache/catalog/other/1-20/Latiao/genji-food-latiao-spicy-snack-1-200x200.jpg","Жувальні Гострі Снеки латяо Genji Food Latiao Spicy Snack Велика Упаковка 40 шт.","Genji Food Latiao — це популярні гострі жувальні снеки з Китаю, які підкорили серця поціновувачів пі..","0.0","","","https://choco-yummy.com.ua/image/cache/catalog/other/1-20/Latiao/genji-food-latiao-spicy-snack-2-50x50.jpg","https://choco-yummy.com.ua/image/cache/catalog/other/1-20/Latiao/genji-food-latiao-spicy-snack-3-50x50.jpg","https://choco-yummy.com.ua/image/cache/catalog/other/1-20/Latiao/genji-food-latiao-spicy-snack-4-50x50.jpg","https://choco-yummy.com.ua/image/cache/catalog/other/1-20/Latiao/genji-food-latiao-spicy-snack-5-50x50.jpg","",""
"https://choco-yummy.com.ua/ua/planters-whole-cashews-dill-pickle-142g","https://choco-yummy.com.ua/image/cache/catalog/Products/Chipsi-i-sneki/keshyu-planters-whole-cashews-dill-pickle-142g-2-200x200.jpg","Кеш'ю Planters Whole Cashews Dill Pickle 142г","Цілі горіхи кеш'ю Planters з кропом та маринованими огірками.Пікантні, ароматні. Вершковий, злегка с..","0.0","429","грн.","https://choco-yummy.com.ua/image/cache/catalog/Products/Chipsi-i-sneki/keshyu-planters-whole-cashews-dill-pickle-142g-3-50x50.jpg","https://choco-yummy.com.ua/image/cache/catalog/Products/Chipsi-i-sneki/keshyu-planters-whole-cashews-dill-pickle-142g-6-50x50.jpg","https://choco-yummy.com.ua/image/cache/catalog/Products/Chipsi-i-sneki/keshyu-planters-whole-cashews-dill-pickle-142g-7-50x50.jpg","https://choco-yummy.com.ua/image/cache/catalog/Products/Chipsi-i-sneki/keshyu-planters-whole-cashews-dill-pickle-142g-5-50x50.jpg","https://choco-yummy.com.ua/image/cache/catalog/Products/Chipsi-i-sneki/keshyu-planters-whole-cashews-dill-pickle-142g-4-50x50.jpg","https://choco-yummy.com.ua/image/cache/catalog/Products/Chipsi-i-sneki/keshyu-planters-whole-cashews-dill-pickle-142g-1-50x50.jpg"
"https://choco-yummy.com.ua/ua/instant-seafood-spicy-baby-crab-10x18g","https://choco-yummy.com.ua/image/cache/catalog/Products/Chipsi-i-sneki/snek-instant-seafood-spicy-baby-crab-10x18g-2-200x200.jpg","Китайські сушені міні-крабики Seafood Spicy Baby Crab Гострі 10x18г","Хочете чогось незвичайного з Азії? Спробуйте сушених міні-крабів із Китаю.Готувати нічого не потрібн..","0.0","","","https://choco-yummy.com.ua/image/cache/catalog/Products/Chipsi-i-sneki/snek-instant-seafood-spicy-baby-crab-10x18g-1-50x50.jpg","https://choco-yummy.com.ua/image/cache/catalog/Products/Chipsi-i-sneki/snek-seafood-spicy-baby-crab-18g-5-50x50.jpg","https://choco-yummy.com.ua/image/cache/catalog/Products/Chipsi-i-sneki/snek-seafood-spicy-baby-crab-18g-6-50x50.jpg","https://choco-yummy.com.ua/image/cache/catalog/Products/Chipsi-i-sneki/snek-seafood-spicy-baby-crab-18g-4-50x50.jpg","https://choco-yummy.com.ua/image/cache/catalog/Products/Chipsi-i-sneki/snek-seafood-spicy-baby-crab-18g-1-50x50.jpg","https://choco-yummy.com.ua/image/cache/catalog/Products/Chipsi-i-sneki/snek-seafood-spicy-baby-crab-18g-2-50x50.jpg"
"https://choco-yummy.com.ua/ua/instant-seafood-spicy-baby-crab-18g","https://choco-yummy.com.ua/image/cache/catalog/Products/Chipsi-i-sneki/snek-seafood-spicy-baby-crab-18g-3-200x200.jpg","Китайські сушені міні-крабики Seafood Spicy Baby Crab Гострі 18г","Хочеться приголомшливо смачного? Спробуйте сушені міні-крабики з Китаю.У пачці 18 грам висушених оке..","0.0","149","грн.","https://choco-yummy.com.ua/image/cache/catalog/Products/Chipsi-i-sneki/snek-seafood-spicy-baby-crab-18g-5-50x50.jpg","https://choco-yummy.com.ua/image/cache/catalog/Products/Chipsi-i-sneki/snek-seafood-spicy-baby-crab-18g-6-50x50.jpg","https://choco-yummy.com.ua/image/cache/catalog/Products/Chipsi-i-sneki/snek-seafood-spicy-baby-crab-18g-4-50x50.jpg","https://choco-yummy.com.ua/image/cache/catalog/Products/Chipsi-i-sneki/snek-seafood-spicy-baby-crab-18g-1-50x50.jpg","https://choco-yummy.com.ua/image/cache/catalog/Products/Chipsi-i-sneki/snek-seafood-spicy-baby-crab-18g-2-50x50.jpg",""
"https://choco-yummy.com.ua/ua/lays-big-wave-pork-70g","https://choco-yummy.com.ua/image/cache/catalog/Products/Chipsi-i-sneki/chipsy_lays_big_wave_70g_4-200x200.jpg","Китайські чіпси Lay's Big Wave Pork Свиняча грудинка Гриль 70г","Хто бажає влаштувати святкове барбекю?)Ідеально хрусткі, обсмажені до золотистої скоринки. ..","0.0","219","грн.","https://choco-yummy.com.ua/image/cache/catalog/Products/Chipsi-i-sneki/chipsy_lays_big_wave_70g_1-50x50.jpg","https://choco-yummy.com.ua/image/cache/catalog/Products/Chipsi-i-sneki/chipsy_lays_big_wave_70g_3-50x50.jpg","https://choco-yummy.com.ua/image/cache/catalog/Products/Chipsi-i-sneki/chipsy_lays_big_wave_70g_2-50x50.jpg","https://choco-yummy.com.ua/image/cache/catalog/Products/Chipsi-i-sneki/chipsy_lays_70g-50x50.jpg","",""
"https://choco-yummy.com.ua/ua/lays-big-wave-pure-spicy-70g","https://choco-yummy.com.ua/image/cache/catalog/Products/Chipsi-i-sneki/lays-big-wave-pure-spicy-70g-1-200x200.jpg","Китайські чіпси Lay's Big Wave Pure Spicy Чілі 70г","Ще одна ГАРЯЧА пропозиція для любителів ребристих китайських чіпсів Лейс) Хто готовий випробувати во..","0.0","219","грн.","https://choco-yummy.com.ua/image/cache/catalog/Products/Chipsi-i-sneki/lays-big-wave-pure-spicy-70g-2-50x50.jpg","https://choco-yummy.com.ua/image/cache/catalog/Products/Chipsi-i-sneki/lays-big-wave-pure-spicy-70g-3-50x50.jpg","https://choco-yummy.com.ua/image/cache/catalog/Products/Chipsi-i-sneki/chipsy_lays_70g-50x50.jpg","","",""
"https://choco-yummy.com.ua/ua/lays-big-wave-roasted-chicken-wing-70g","https://choco-yummy.com.ua/image/cache/catalog/Products/Chipsi-i-sneki/chipsy_lays_big_wave_roasted_chicken_wing_70g_4-200x200.jpg","Китайські чіпси Lay's Big Wave Roasted Chicken Wing Курячі крильця Гриль 70г","Готуйтеся йти на зліт) Разом з курячими крильцями і ребристими чіпсами Лейс.Картопляні скибочки унік..","5.0","219","грн.","https://choco-yummy.com.ua/image/cache/catalog/Products/Chipsi-i-sneki/chipsy_lays_big_wave_roasted_chicken_wing_70g_2-50x50.jpg","https://choco-yummy.com.ua/image/cache/catalog/Products/Chipsi-i-sneki/chipsy_lays_big_wave_roasted_chicken_wing_70g_3-50x50.jpg","https://choco-yummy.com.ua/image/cache/catalog/Products/Chipsi-i-sneki/chipsy_lays_big_wave_roasted_chicken_wing_70g_1-50x50.jpg","https://choco-yummy.com.ua/image/cache/catalog/Products/Chipsi-i-sneki/chipsy_lays_70g-50x50.jpg","",""
"https://choco-yummy.com.ua/ua/lays-china-keripik-kentang-potato-chips-90g","https://choco-yummy.com.ua/image/cache/catalog/Products/Chipsi-i-sneki/chipsy-lays-china-keripik-kentang-90g-4-200x200.jpg","Китайські чіпси Lay'S China Keripik Kentang 90г","Китайська версія класичних Lay’s Original.Ці Лейс універсальні - і до пива, і для топінгу до салатів..","0.0","299","грн.","https://choco-yummy.com.ua/image/cache/catalog/Products/Chipsi-i-sneki/chipsy-lays-china-keripik-kentang-90g-2-50x50.jpg","https://choco-yummy.com.ua/image/cache/catalog/Products/Chipsi-i-sneki/chipsy-lays-china-keripik-kentang-90g-3-50x50.jpg","https://choco-yummy.com.ua/image/cache/catalog/Products/Chipsi-i-sneki/chipsy-lays-china-keripik-kentang-90g-1-50x50.jpg","","",""
"https://choco-yummy.com.ua/ua/lays-cucumber-flavor-potato-chips-62g","https://choco-yummy.com.ua/image/cache/catalog/Products/Chipsi-i-sneki/chipsy-lays-cucumber-potato-chips-62g-1-200x200.jpg","Китайські чіпси Lay's Cucumber Огірок 62г","Картопляні чіпси Lay's у банці (китайська версія)Смак:  освіжаючий, тонкий смак огірка з солонуватим..","0.0","199","грн.","https://choco-yummy.com.ua/image/cache/catalog/Products/Chipsi-i-sneki/chipsy-lays-cucumber-potato-chips-62g-2-50x50.jpg","https://choco-yummy.com.ua/image/cache/catalog/Products/Chipsi-i-sneki/chipsy-lays-cucumber-potato-chips-62g-3-50x50.jpg","https://choco-yummy.com.ua/image/cache/catalog/Products/Chipsi-i-sneki/chipsy-lays-cucumber-potato-chips-62g-4-50x50.jpg","","",""
"https://choco-yummy.com.ua/ua/lays-fried-crab-flavor-chips-china-70g","https://choco-yummy.com.ua/image/cache/catalog/Products/Chipsi-i-sneki/chipsy-lays-fried-crab-china-70g-2-200x200.jpg","Китайські чіпси Lay's Fried Crab Смажений краб 70г","Китайська версія від Lay's з морською темою: чіпси зі смаком смаженого краба! Золотисті, тонкі скибо..","0.0","219","грн.","https://choco-yummy.com.ua/image/cache/catalog/Products/Chipsi-i-sneki/chipsy-lays-fried-crab-china-70g-3-50x50.jpg","https://choco-yummy.com.ua/image/cache/catalog/Products/Chipsi-i-sneki/chipsy-lays-fried-crab-china-70g-1-50x50.jpg","","","",""
