"list-image src","list-image src 2","list-image src 3","image href","img-responsive src","product-name","product-desc","r-number","price","price 2","list-image src 4"
"https://choco-yummy.com.ua/image/cache/catalog/Products/Napitki/Raznie/energetik-red-bull-krating-daeng-vitamin-800-thai-145ml-4-50x50.webp","https://choco-yummy.com.ua/image/cache/catalog/Products/Napitki/Raznie/energetik-red-bull-krating-daeng-vitamin-800-thai-145ml-3-50x50.webp","https://choco-yummy.com.ua/image/cache/catalog/Products/Napitki/Raznie/energetik-red-bull-krating-daeng-vitamin-800-thai-145ml-2-50x50.webp","https://choco-yummy.com.ua/ua/red-bull-krating-daeng-vitamin-800-energy-drink-thai-145ml","https://choco-yummy.com.ua/image/cache/catalog/Products/Napitki/Raznie/energetik-red-bull-krating-daeng-vitamin-800-thai-145ml-1-200x200.webp","Енергетик Red Bull Krating Daeng Vitamin 800 Energy Drink Thai 145мл","Той самий Krating Daeng, з якого все почалося — оригінальний Red Bull із Таїланду!Енергетик у скляні..","0.0","179","грн.",""
"https://choco-yummy.com.ua/image/cache/catalog/Products/Napitki/Raznie/energetik-monster-energy-reserve-peaches-n-creme-473ml-1-50x50.webp","https://choco-yummy.com.ua/image/cache/catalog/Products/Napitki/Raznie/energetik-monster-energy-reserve-peaches-n-creme-473ml-2-50x50.webp","https://choco-yummy.com.ua/image/cache/catalog/Products/Napitki/Raznie/energetik-monster-energy-reserve-peaches-n-creme-473ml-3-50x50.webp","https://choco-yummy.com.ua/ua/monster-energy-reserve-peaches-n-creme-473ml","https://choco-yummy.com.ua/image/cache/catalog/Products/Napitki/Raznie/energetik-monster-energy-reserve-peaches-n-creme-473ml-6-200x200.webp","Енергетик Monster Energy Reserve Peaches N Creme 473мл","Персик і вершки... ммм, звучить ніжно і мега-смачно) За фактом, це яскравий і зухвалий Monster Energ..","0.0","399","грн.","https://choco-yummy.com.ua/image/cache/catalog/Products/Napitki/Raznie/energetik-monster-energy-reserve-peaches-n-creme-473ml-4-50x50.webp"
"https://choco-yummy.com.ua/image/cache/catalog/Products/Napitki/Raznie/kartridzh-cirkul-puressence-peach-1-50x50.webp","https://choco-yummy.com.ua/image/cache/catalog/Products/Napitki/Raznie/kartridzhi-cirkul-puressence-variety-pack-3x2pcs-3-50x50.webp","https://choco-yummy.com.ua/image/cache/catalog/Products/brand_pic/cartridge-cirkul-3-50x50.webp","https://choco-yummy.com.ua/ua/cirkul-puressence-cartridge-peach","https://choco-yummy.com.ua/image/cache/catalog/Products/Napitki/Raznie/kartridzh-cirkul-puressence-peach-200x200.webp","Картридж для напоїв Cirkul Puressence Cartridge Peach Персик 1шт","Додайте своїй воді ніжного фруктового смаку. Cirkul Puressence Peach - це картридж, який перетворює ..","0.0","","","https://choco-yummy.com.ua/image/cache/catalog/Products/brand_pic/cartridge-cirkul-2-50x50.webp"
"https://choco-yummy.com.ua/image/cache/catalog/Products/Napitki/Gazirovki/chupa-chups-mango-345ml-50x50.webp","","","https://choco-yummy.com.ua/ua/chupa-chups-sparkling-mango-345","https://choco-yummy.com.ua/image/cache/catalog/Products/Napitki/Gazirovki/chupa-chups-mango-345ml-200x200.webp","Chupa Chups газировка Манго 345мл","Новинки Chupa Chups завжди яскраві, смачні та незвичайні!Так що зустрічайте газовану воду зі смаком ..","0.0","","",""
"https://choco-yummy.com.ua/image/cache/catalog/Products/Napitki/Gazirovki/chupa-chups-sparkling-50x50.webp","","","https://choco-yummy.com.ua/ua/chupa-chups-sparkling-orange","https://choco-yummy.com.ua/image/cache/catalog/Products/Napitki/Gazirovki/chupa-chups-sparkling-orange-200x200.webp","Chupa Chups газована вода Апельсин 345мл","Новинки Chupa Chups завжди яскраві, смачні та незвичайні!Так що зустрічайте газування зі смаком соло..","4.5","79","грн.",""
"https://choco-yummy.com.ua/image/cache/catalog/Products/Napitki/Gazirovki/chupa-chups-sparkling-50x50.webp","","","https://choco-yummy.com.ua/ua/chupa-chups-sparkling-grape","https://choco-yummy.com.ua/image/cache/catalog/Products/Napitki/Gazirovki/chupa-chups-sparkling-grape-200x200.webp","Chupa Chups газована вода Виноград 345мл","Новинки Chupa Chups завжди яскраві, смачні та незвичайні!Так що зустрічайте газування зі смаком соло..","0.0","","",""
"https://choco-yummy.com.ua/image/cache/catalog/Products/Napitki/Gazirovki/chupa-chups-sparkling-cherry-bubble-gum-1-50x50.webp","","","https://choco-yummy.com.ua/ua/chupa-chups-sparkling-cherry-bubble-gum","https://choco-yummy.com.ua/image/cache/catalog/Products/Napitki/Gazirovki/chupa-chups-sparkling-cherry-bubble-gum-200x200.webp","Chupa Chups газована вода Вишнева Гумка 345мл","Новинки Chupa Chups завжди яскраві, смачні та незвичайні!Так що зустрічайте напій зі смаком солодкої..","0.0","99","грн.",""
"https://choco-yummy.com.ua/image/cache/catalog/Products/Napitki/Gazirovki/chupa-chups-sparkling-watermelon-1-50x50.webp","","","https://choco-yummy.com.ua/ua/chupa-chups-sparkling-watermelon","https://choco-yummy.com.ua/image/cache/catalog/Products/Napitki/Gazirovki/chupa-chups-sparkling-watermelon-200x200.webp","Chupa Chups газована вода Кавун 345мл","Новинки Chupa Chups завжди яскраві, смачні та незвичайні!Так що зустрічайте напій зі смаком солодког..","0.0","","",""
"","","","https://choco-yummy.com.ua/ua/chupa-chups-sour-blueberry-345","https://choco-yummy.com.ua/image/cache/catalog/Products/Napitki/Gazirovki/chupa-chups-sour-blueberry-345-200x200.webp","Chupa Chups газована вода Кисла Чорниця 345мл","Новинки Chupa Chups завжди яскраві, смачні та незвичайні!Так що зустрічайте газування зі смаком кисл..","0.0","79","грн.",""
"","","","https://choco-yummy.com.ua/ua/chupa-chups-sparkling-sour-apple","https://choco-yummy.com.ua/image/cache/catalog/Products/Napitki/Gazirovki/chupa-chups-sparkling-sour-apple-200x200.webp","Chupa Chups газована вода Кисле Яблуко 345мл","Новинки Chupa Chups завжди яскраві, смачні та незвичайні!Так що зустрічайте газування зі смаком кисл..","5.0","79","грн.",""
"","","","https://choco-yummy.com.ua/ua/napij-chupa-chups-melon-cream","https://choco-yummy.com.ua/image/cache/catalog/Products/Napitki/Gazirovki/napij-chupa-chups-melon-cream-200x200.webp","Chupa Chups газована вода Кремова диня 250мл","Новинки Chupa Chups завжди яскраві, смачні та незвичайні!Так що зустрічайте газування зі смаком вані..","0.0","59","грн.",""
"https://choco-yummy.com.ua/image/cache/catalog/Products/Napitki/Gazirovki/cocacola-vanilla3-50x50.webp","https://choco-yummy.com.ua/image/cache/catalog/Products/Napitki/Gazirovki/cocacola-vanilla4-50x50.webp","https://choco-yummy.com.ua/image/cache/catalog/Products/Napitki/Gazirovki/cocacola-vanilla4-50x50.webp","https://choco-yummy.com.ua/ua/cocacola-vanilla","https://choco-yummy.com.ua/image/cache/catalog/Products/Napitki/Gazirovki/coca-cola-vanilla-1-200x200.webp","Coca-Cola Ваніль","Да-Да-Да, «Вона ж в Атб є»!) ⠀Всі вже напевно бачили на прилавках супермаркетів колу ваніль без..","5.0","69","грн.","https://choco-yummy.com.ua/image/cache/catalog/Products/Napitki/Gazirovki/cocacola-vanilla3-50x50.webp"
"https://choco-yummy.com.ua/image/cache/catalog/Products/Napitki/Gazirovki/fanta-pineapple1-50x50.webp","","","https://choco-yummy.com.ua/ua/fanta-pineapple","https://choco-yummy.com.ua/image/cache/catalog/Products/Napitki/Gazirovki/fanta-pineapple-200x200.webp","Fanta Ананас","Нова, стильна, яскрава Fanta Ананас в нашому магазині!) Таку ви точно ще не зустрічали! На..","5.0","99","грн.",""
"https://choco-yummy.com.ua/image/cache/catalog/Products/Napitki/Gazirovki/fanta-exotic.-50x50.webp","","","https://choco-yummy.com.ua/ua/fanta-exotic","https://choco-yummy.com.ua/image/cache/catalog/Products/Napitki/Gazirovki/fanta-exotic.-200x200.webp","Fanta Екзотик","Ще одна крутєйша Фанта! ⠀FANTA EXZOTIC – улюблена газована вода з оригінальним освіжаючим міксо..","0.0","69","грн.",""
"https://choco-yummy.com.ua/image/cache/catalog/Products/Napitki/Gazirovki/fanta-lemon-1-50x50.webp","","","https://choco-yummy.com.ua/ua/fanta-lemon","https://choco-yummy.com.ua/image/cache/catalog/Products/Napitki/Gazirovki/fanta-lemon-200x200.webp","Fanta Лимон","Гадали Фанта більше нічим не зможе нас здивувати?Як би не так! Адже в лінійці різноманітних смаків з..","0.0","59","грн.",""
"https://choco-yummy.com.ua/image/cache/catalog/Products/Napitki/Gazirovki/fanta-trawberry1-50x50.webp","","","https://choco-yummy.com.ua/ua/fanta-strawberry","https://choco-yummy.com.ua/image/cache/catalog/Products/Napitki/Gazirovki/fanta-strawberry0-200x200.webp","Fanta Полуниця","Стильна і яскрава Fanta Полуниця вже в нашому магазині! Завдяки високій якості цей напій завоюв..","5.0","99","грн.",""
"https://choco-yummy.com.ua/image/cache/catalog/Products/Napitki/Gazirovki/fanta-strawberry-kiwi1-50x50.webp","","","https://choco-yummy.com.ua/ua/fanta-strawberry-kiwi","https://choco-yummy.com.ua/image/cache/catalog/Products/Napitki/Gazirovki/fanta-strawberry-kiwi-200x200.webp","Fanta Полуниця Ківі","Новий смак Fanta Полуниця і Ківі - розширює наш асортимент крутейшого бренду Fanta!)  Ця г..","0.0","59","грн.",""
"https://choco-yummy.com.ua/image/cache/catalog/Products/Napitki/Raznie/monster-java-salted-caramel-50x50.webp","","","https://choco-yummy.com.ua/ua/monster-java-salted-caramel","https://choco-yummy.com.ua/image/cache/catalog/Products/Napitki/Raznie/monster-java-salted-caramel-200x200.webp","Monster Java Salted Caramel USA","Занадто круто, щоб утриматися!) ⠀Monster Energy Java Edition – це абсолютно нова унікальна амер..","0.0","399","грн.",""
"https://choco-yummy.com.ua/image/cache/catalog/Products/Napitki/Gazirovki/monster-juice-khaotic-50x50.webp","","","https://choco-yummy.com.ua/ua/monster-juice-khaotic","https://choco-yummy.com.ua/image/cache/catalog/Products/Napitki/Gazirovki/monster-juice-khaotic-200x200.webp","Monster Juice Khaotic","Суміш тропічного апельсинового соку для створення смаку, що краще відчувається, ніж описується.Поєдн..","5.0","99","грн.",""
"https://choco-yummy.com.ua/image/cache/catalog/Products/Napitki/Raznie/monster-mango-loco1-50x50.webp","https://choco-yummy.com.ua/image/cache/catalog/Products/Napitki/Raznie/monster-mango-loco2-50x50.webp","","https://choco-yummy.com.ua/ua/monster-mango-loco","https://choco-yummy.com.ua/image/cache/catalog/Products/Napitki/Raznie/monster-mango-loco-200x200.webp","Monster Mango Loco 500мл","Скучили за MONSTER?)  ⠀ MONSTER ENERGY MANGO LOCO – це та сама, небесна суміш екзотичних соків,..","0.0","99","грн.",""
"https://choco-yummy.com.ua/image/cache/catalog/Products/Napitki/Raznie/monster-pipeline-punch-50x50.webp","","","https://choco-yummy.com.ua/ua/monster-pipeline-punch","https://choco-yummy.com.ua/image/cache/catalog/Products/Napitki/Raznie/monster-pipeline-punch-200x200.webp","Monster Pipeline Punch 500мл","Величезний вибір монстрів у наявності! ⠀Перенесіться на Гаваї наповнивши себе енергією Монстр!)..","4.0","99","грн.",""
"https://choco-yummy.com.ua/image/cache/catalog/Products/Napitki/Raznie/monster-energy-the-doctor-50x50.webp","","","https://choco-yummy.com.ua/ua/moster-the-doctor","https://choco-yummy.com.ua/image/cache/catalog/Products/Napitki/Raznie/monster-energy-the-doctor-200x200.webp","Monster The Doctor 500мл","Лімітована версія MONSTER! Monster Energy The Doctor – це відомий енергетичний напій, з нестанд..","0.0","129","грн.",""
"https://choco-yummy.com.ua/image/cache/catalog/Products/Napitki/Raznie/monster-ultra-fiesta-mango-50x50.webp","","","https://choco-yummy.com.ua/ua/monster-ultra-fiesta","https://choco-yummy.com.ua/image/cache/catalog/Products/Napitki/Raznie/monster-ultra-fiesta-mango-200x200.webp","Monster Ultra Fiesta","Найпопулярніший енергетик, який вже обов'язково спробували усі геймери, а деякі зібрали колекцію яск..","0.0","99","грн.",""
"https://choco-yummy.com.ua/image/cache/catalog/Products/Napitki/Raznie/monster-ultra-paradise-1-50x50.webp","","","https://choco-yummy.com.ua/ua/monster-ultra-paradise","https://choco-yummy.com.ua/image/cache/catalog/Products/Napitki/Raznie/monster-ultra-paradise-200x200.webp","Monster Ultra Paradise 500мл","А тепер, власне, ловіть обновку, заради якої писався цей піст!)⠀MONSTER ENERGY ULTRA PARADISE – чист..","0.0","99","грн.",""
"https://choco-yummy.com.ua/image/cache/catalog/Products/Napitki/Gazirovki/monster-ultra-watermelon-50x50.webp","","","https://choco-yummy.com.ua/ua/monster-ultra-watermelon","https://choco-yummy.com.ua/image/cache/catalog/Products/Napitki/Gazirovki/monster-ultra-watermelon-200x200.webp","Monster Ultra Watermelon","Monster Ultra WATERMELON – легендарний енергетичний напій зі смаком соковитого та стиглого кавуна, я..","0.0","149","грн.",""
"https://choco-yummy.com.ua/image/cache/catalog/Products/Napitki/Raznie/monster-energy-ultra-white-50x50.jpg","https://choco-yummy.com.ua/image/cache/catalog/Products/Napitki/Raznie/monster-energy-ultra-white-50x50.jpg","","https://choco-yummy.com.ua/ua/moster-ultra-white","https://choco-yummy.com.ua/image/cache/catalog/Products/Napitki/Raznie/monster-energy-ultra-white-200x200.jpg","Monster Ultra White 500мл","MONSTER без ЦУКРУ! Monster Energy Ultra White – це дієтичний енергетичний напій без цукру! ..","0.0","129","грн.",""
"https://choco-yummy.com.ua/image/cache/catalog/Products/Napitki/Raznie/napitok-prime-arsenal-hydration-drink-500ml-1-50x50.jpg","https://choco-yummy.com.ua/image/cache/catalog/Products/Napitki/Raznie/napitok-prime-arsenal-hydration-drink-500ml-4-50x50.jpg","https://choco-yummy.com.ua/image/cache/catalog/Products/Napitki/Raznie/napitok-prime-arsenal-hydration-drink-500ml-3-50x50.jpg","https://choco-yummy.com.ua/ua/prime-arsenal-hydration-drink-500ml","https://choco-yummy.com.ua/image/cache/catalog/Products/Napitki/Raznie/napitok-prime-arsenal-hydration-drink-500ml-2-200x200.jpg","Prime Arsenal Hydration Drink Arsenal 500мл","Prime Hydration Arsenal - лімітована версія напою для фанатів футболу!У складі:Амінокислоти, вітамін..","0.0","379","грн.",""
"https://choco-yummy.com.ua/image/cache/catalog/Products/Napitki/Raznie/voda_monster_tour_water_470ml_5-50x50.jpg","https://choco-yummy.com.ua/image/cache/catalog/Products/Napitki/Raznie/voda_monster_tour_water_470ml_2-50x50.jpg","https://choco-yummy.com.ua/image/cache/catalog/Products/Napitki/Raznie/voda_monster_tour_water_470ml_1-50x50.jpg","https://choco-yummy.com.ua/ua/monster-tour-water-473ml","https://choco-yummy.com.ua/image/cache/catalog/Products/Napitki/Raznie/voda_monster_tour_water_470ml_4-200x200.jpg","Вода Monster Tour Water Deep Well Питна 473мл","Monster Tour Water Deep Well - у цій баночці немає кофеїну, цукру або інших добавок. Немає калорій. ..","0.0","399","грн.","https://choco-yummy.com.ua/image/cache/catalog/Products/Napitki/Raznie/voda_monster_tour_water_470ml_3-50x50.jpg"
"https://choco-yummy.com.ua/image/cache/catalog/Products/Napitki/Gazirovki/gazirovka-fanta-orange-usa-355ml-3-50x50.jpg","https://choco-yummy.com.ua/image/cache/catalog/Products/Napitki/Gazirovki/gazirovka-fanta-orange-usa-355ml-4-50x50.jpg","https://choco-yummy.com.ua/image/cache/catalog/Products/Napitki/Gazirovki/gazirovka-fanta-orange-usa-355ml-1-50x50.jpg","https://choco-yummy.com.ua/ua/fanta-orange-usa-355ml","https://choco-yummy.com.ua/image/cache/catalog/Products/Napitki/Gazirovki/gazirovka-fanta-orange-usa-355ml-2-200x200.jpg","Газировка Fanta Orange USA Апельсин 355мл","Справжня американська Фанта. Весела газована вода з насиченим апельсиновим смаком іскриться бульбашк..","0.0","99","грн.",""
"https://choco-yummy.com.ua/image/cache/catalog/Products/Napitki/Gazirovki/gazirovka-fanta-tutti-frutti-zero-sugar-250ml-3-50x50.jpg","https://choco-yummy.com.ua/image/cache/catalog/Products/Napitki/Gazirovki/gazirovka-fanta-tutti-frutti-zero-sugar-250ml-1-50x50.jpg","","https://choco-yummy.com.ua/ua/fanta-tutti-frutti-zero-sugar-limited-edition-250ml-","https://choco-yummy.com.ua/image/cache/catalog/Products/Napitki/Gazirovki/gazirovka-fanta-tutti-frutti-zero-sugar-250ml-2-200x200.jpg","Газировка Fanta Tutti-frutti Zero Sugar Тутти Фрутти Без сахара 250мл","ФАНТАстична!Газована вода легка, освіжаюча, іскриться бульбашками та веселощами)..","0.0","99","грн.",""
"https://choco-yummy.com.ua/image/cache/catalog/Products/Napitki/Gazirovki/gazirovka-fanta-white-peach-jasmine-china-330ml-2-50x50.jpg","https://choco-yummy.com.ua/image/cache/catalog/Products/Napitki/Gazirovki/gazirovka-fanta-white-peach-jasmine-china-330ml-3-50x50.jpg","","https://choco-yummy.com.ua/ua/fanta-white-peach-jasmine-china-330ml","https://choco-yummy.com.ua/image/cache/catalog/Products/Napitki/Gazirovki/gazirovka-fanta-white-peach-jasmine-china-330ml-1-200x200.jpg","Газировка Китайська Fanta White Peach Jasmine China Білий Персик Жасмин 330мл","Китайська Fanta White Peach Jasmine - справжній ексклюзив для колекціонерів незвичайних газованих на..","0.0","149","грн.",""
"https://choco-yummy.com.ua/image/cache/catalog/Products/Napitki/Gazirovki/gazirovka-7-tropical-no-caffeine-355ml-3-50x50.jpg","https://choco-yummy.com.ua/image/cache/catalog/Products/Napitki/Gazirovki/gazirovka-7-tropical-no-caffeine-355ml-1-50x50.jpg","","https://choco-yummy.com.ua/ua/7-tropical-no-caffeine-355ml","https://choco-yummy.com.ua/image/cache/catalog/Products/Napitki/Gazirovki/gazirovka-7-tropical-no-caffeine-355ml-2-200x200.jpg","Газована вода 7-Up Tropical No Caffeine 355мл","7-Up Tropical - газована вода із сонячним настроєм. Додасть позитиву навіть у найпохмуріший день!Нап..","0.0","99","грн.",""
"https://choco-yummy.com.ua/image/cache/catalog/Products/Napitki/Gazirovki/gazirovka-aw-cream-soda-no-caffeine-355ml-2-50x50.jpg","https://choco-yummy.com.ua/image/cache/catalog/Products/Napitki/Gazirovki/gazirovka-aw-cream-soda-no-caffeine-355ml-4-50x50.jpg","https://choco-yummy.com.ua/image/cache/catalog/Products/Napitki/Gazirovki/gazirovka-aw-cream-soda-no-caffeine-355ml-1-50x50.jpg","https://choco-yummy.com.ua/ua/aw-cream-soda-no-caffeine-355ml","https://choco-yummy.com.ua/image/cache/catalog/Products/Napitki/Gazirovki/gazirovka-aw-cream-soda-no-caffeine-355ml-3-200x200.jpg","Газована вода A&W Cream Soda No Caffeine 355мл","Газировка A&W Cream Soda - американська класика, популярність якої вже більше століття!Кремова г..","0.0","99","грн.",""
"https://choco-yummy.com.ua/image/cache/catalog/Products/Napitki/Gazirovki/gazirovka-arizona-cherry-lime-rickey-650ml-2-50x50.jpg","https://choco-yummy.com.ua/image/cache/catalog/Products/Napitki/Gazirovki/gazirovka-arizona-cherry-lime-rickey-650ml-3-50x50.jpg","https://choco-yummy.com.ua/image/cache/catalog/Products/Napitki/Gazirovki/gazirovka-arizona-cherry-lime-rickey-650ml-1-50x50.jpg","https://choco-yummy.com.ua/ua/arizona-cherry-lime-rickey-500ml","https://choco-yummy.com.ua/image/cache/catalog/Products/Napitki/Gazirovki/gazirovka-arizona-cherry-lime-rickey-650ml-4-200x200.jpg","Газована вода Arizona Cherry Lime Rickey Вишня і Лайм 500 мл","Культовая Arizona объема XXL прямиком из Бруклина!Размер банки впечатляющий - хватит и друзьям. Вы п..","0.0","189","грн.","https://choco-yummy.com.ua/image/cache/catalog/Products/Napitki/Gazirovki/gazirovka-arizona-cherry-lime-rickey-650ml-5-50x50.jpg"
"https://choco-yummy.com.ua/image/cache/catalog/Products/Napitki/Gazirovki/gazirovka-arizona-cherry-lime-rickey-650ml-2-50x50.jpg","https://choco-yummy.com.ua/image/cache/catalog/Products/Napitki/Gazirovki/gazirovka-arizona-cherry-lime-rickey-650ml-1-50x50.jpg","https://choco-yummy.com.ua/image/cache/catalog/Products/Napitki/Gazirovki/gazirovka-arizona-cherry-lime-rickey-650ml-3-50x50.jpg","https://choco-yummy.com.ua/ua/arizona-cherry-lime-rickey-650ml","https://choco-yummy.com.ua/image/cache/catalog/Products/Napitki/Gazirovki/gazirovka-arizona-cherry-lime-rickey-650ml-4-200x200.jpg","Газована вода Arizona Cherry Lime Rickey Вишня і Лайм 650мл","Культовая Arizona объема XXL прямиком из Бруклина!Размер банки впечатляющий - хватит и друзьям. Вы п..","0.0","149","грн.","https://choco-yummy.com.ua/image/cache/catalog/Products/Napitki/Gazirovki/gazirovka-arizona-cherry-lime-rickey-500ml-6-50x50.jpg"
"https://choco-yummy.com.ua/image/cache/catalog/Products/Napitki/Gazirovki/gazirovka-candy-can-sparkling-bubblegum-330ml-2-50x50.jpg","https://choco-yummy.com.ua/image/cache/catalog/Products/Napitki/Gazirovki/gazirovka-candy-can-sparkling-bubblegum-330ml-1-50x50.jpg","https://choco-yummy.com.ua/image/cache/catalog/Products/Napitki/Gazirovki/gazirovka-candy-can-sparkling-bubblegum-330ml-3-50x50.jpg","https://choco-yummy.com.ua/ua/candy-can-sparkling-bubblegum-330ml","https://choco-yummy.com.ua/image/cache/catalog/Products/Napitki/Gazirovki/gazirovka-candy-can-sparkling-bubblegum-330ml-5-200x200.jpg","Газована вода Candy Can Bubblegum Sparkling Drink Sugar Free Жуйка 330мл","Газировка для веселих вечірок!Напій шипучий, з ігристими бульбашками, чудово піднімає настрій і дару..","0.0","129","грн.","https://choco-yummy.com.ua/image/cache/catalog/Products/Napitki/Gazirovki/gazirovka-candy-can-sparkling-bubblegum-330ml-4-50x50.jpg"
"https://choco-yummy.com.ua/image/cache/catalog/Products/Napitki/Gazirovki/napitok_candy_can_cotton_candy_sugar_free_330ml_3-50x50.jpg","https://choco-yummy.com.ua/image/cache/catalog/Products/Napitki/Gazirovki/napitok_candy_can_cotton_candy_sugar_free_330ml_4-50x50.jpg","https://choco-yummy.com.ua/image/cache/catalog/Products/Napitki/Gazirovki/napitok_candy_can_cotton_candy_sugar_free_330ml_2-50x50.jpg","https://choco-yummy.com.ua/ua/candy-can-cotton-candy-sugar-free-330ml","https://choco-yummy.com.ua/image/cache/catalog/Products/Napitki/Gazirovki/napitok_candy_can_cotton_candy_sugar_free_330ml_6-200x200.jpg","Газована вода Candy Can Cotton Candy Sparkling Drink Sugar Free Солодка Вата Без цукру 330мл","Веселі газовані напої від Candy Can тепер і в нашому асортименті. Компанія створює нереальні смаки, ..","0.0","129","грн.","https://choco-yummy.com.ua/image/cache/catalog/Products/Napitki/Gazirovki/napitok_candy_can_cotton_candy_sugar_free_330ml_1-50x50.jpg"
"https://choco-yummy.com.ua/image/cache/catalog/Products/Napitki/Gazirovki/napij-chupa-chups-sour-coco-green-apple-240ml-3-50x50.jpg","https://choco-yummy.com.ua/image/cache/catalog/Products/Napitki/Gazirovki/napij-chupa-chups-sour-coco-green-apple-240ml-2-50x50.jpg","https://choco-yummy.com.ua/image/cache/catalog/Products/Napitki/Gazirovki/napij-chupa-chups-sour-coco-green-apple-240ml-1-50x50.jpg","https://choco-yummy.com.ua/ua/chupa-chups-sour-coco-green-apple-drink-240ml","https://choco-yummy.com.ua/image/cache/catalog/Products/Napitki/Gazirovki/napij-chupa-chups-sour-coco-green-apple-240ml-4-200x200.jpg","Газована вода Chupa Chups Sour Coco Green Apple Кокос-Зелене яблуко 240 мл","газований напій Chupa Chups Sour Coco Green Apple Смак: Інтенсивний кисло-солодкий смак зеленого ябл..","0.0","99","грн.",""
"https://choco-yummy.com.ua/image/cache/catalog/Products/Napitki/Gazirovki/napij-chupa-chups-sour-coco-lemon-240ml-2-50x50.jpg","https://choco-yummy.com.ua/image/cache/catalog/Products/Napitki/Gazirovki/napij-chupa-chups-sour-coco-lemon-240ml-1-50x50.jpg","https://choco-yummy.com.ua/image/cache/catalog/Products/Napitki/Gazirovki/napij-chupa-chups-sour-coco-lemon-240ml-4-50x50.jpg","https://choco-yummy.com.ua/ua/chupa-chups-sour-coco-lemon-drink-240ml","https://choco-yummy.com.ua/image/cache/catalog/Products/Napitki/Gazirovki/napij-chupa-chups-sour-coco-lemon-240ml-3-200x200.jpg","Газована вода Chupa Chups Sour Coco Lemon Кокос-Лимон 240мл","газований напій Chupa Chups Sour Coco LemonСмак: Лимон з кислинкою та вершковим відтінком кокоса.Вир..","0.0","99","грн.",""
"https://choco-yummy.com.ua/image/cache/catalog/Products/Napitki/Gazirovki/gazirovka-chupa-chups-sparkling-cola-345ml-1-50x50.jpg","https://choco-yummy.com.ua/image/cache/catalog/Products/Napitki/Gazirovki/gazirovka-chupa-chups-sparkling-cola-345ml-2-50x50.jpg","https://choco-yummy.com.ua/image/cache/catalog/Products/Napitki/Gazirovki/gazirovka-chupa-chups-sparkling-cola-345ml-3-50x50.jpg","https://choco-yummy.com.ua/ua/chupa-chups-sparkling-cola-345ml","https://choco-yummy.com.ua/image/cache/catalog/Products/Napitki/Gazirovki/gazirovka-chupa-chups-sparkling-cola-345ml-4-200x200.jpg","Газована вода Chupa Chups Sparkling Cola 345мл","А чому б льодяникам Chupa Chups не стати газованою водою?)Газована вода легка, бадьора, смачна як ох..","0.0","79","грн.",""
"https://choco-yummy.com.ua/image/cache/catalog/Products/Napitki/Gazirovki/gazirovka-coca-cola-cherry-float-zero-sugar-355ml-6-50x50.jpg","https://choco-yummy.com.ua/image/cache/catalog/Products/Napitki/Gazirovki/gazirovka-coca-cola-cherry-float-zero-sugar-355ml-5-50x50.jpg","https://choco-yummy.com.ua/image/cache/catalog/Products/Napitki/Gazirovki/gazirovka-coca-cola-cherry-float-zero-sugar-355ml-4-50x50.jpg","https://choco-yummy.com.ua/ua/coca-cola-cherry-float-zero-sugar-355ml","https://choco-yummy.com.ua/image/cache/catalog/Products/Napitki/Gazirovki/gazirovka-coca-cola-cherry-float-zero-sugar-355ml-1-200x200.jpg","Газована вода Coca-Cola Cherry Float Zero Sugar Вишня з ваніллю 355мл","Та сама Coca-Cola Cherry Float, той самий кайф... тільки у версії Zero Sugar.Концепція «float» натхн..","0.0","199","грн.","https://choco-yummy.com.ua/image/cache/catalog/Products/Napitki/Gazirovki/gazirovka-coca-cola-cherry-float-zero-sugar-355ml-3-50x50.jpg"
"https://choco-yummy.com.ua/image/cache/catalog/Products/Napitki/Gazirovki/gazirovka-coca-cola-cherry-float-355ml-1-50x50.jpg","https://choco-yummy.com.ua/image/cache/catalog/Products/Napitki/Gazirovki/gazirovka-coca-cola-cherry-float-355ml-5-50x50.jpg","https://choco-yummy.com.ua/image/cache/catalog/Products/Napitki/Gazirovki/gazirovka-coca-cola-cherry-float-355ml-6-50x50.jpg","https://choco-yummy.com.ua/ua/coca-cola-cherry-float-355ml","https://choco-yummy.com.ua/image/cache/catalog/Products/Napitki/Gazirovki/gazirovka-coca-cola-cherry-float-355ml-2-200x200.jpg","Газована вода Coca-Cola Cherry Float Вишня з ваніллю 355мл","Coca-Cola завжди знаходить, чим здивувати!Формат «float» натхненний класичним американським десертом..","0.0","199","грн.","https://choco-yummy.com.ua/image/cache/catalog/Products/Napitki/Gazirovki/gazirovka-coca-cola-cherry-float-355ml-4-50x50.jpg"
"https://choco-yummy.com.ua/image/cache/catalog/Products/Napitki/Gazirovki/gazirovka-coca-cola-holiday-creamy-vanilla-soda-355ml-1-50x50.jpg","https://choco-yummy.com.ua/image/cache/catalog/Products/Napitki/Gazirovki/gazirovka-coca-cola-holiday-creamy-vanilla-soda-355ml-4-50x50.jpg","https://choco-yummy.com.ua/image/cache/catalog/Products/Napitki/Gazirovki/gazirovka-coca-cola-holiday-creamy-vanilla-soda-355ml-2-50x50.jpg","https://choco-yummy.com.ua/ua/coca-cola-holiday-creamy-vanilla-soda-355ml","https://choco-yummy.com.ua/image/cache/catalog/Products/Napitki/Gazirovki/gazirovka-coca-cola-holiday-creamy-vanilla-soda-355ml-3-200x200.jpg","Газована вода Coca-Cola Holiday Creamy Vanilla Soda Ванільна 355мл","Сезонна лімітка Coca-Cola.Виглядає баночка, як новорічний атрибут - стильна, з яскравим сезонним диз..","0.0","169","грн.","https://choco-yummy.com.ua/image/cache/catalog/Products/Napitki/Gazirovki/gazirovka-coca-cola-holiday-creamy-vanilla-soda-355ml-6-50x50.jpg"
"https://choco-yummy.com.ua/image/cache/catalog/Products/Napitki/Gazirovki/gazirovka-coca-cola-zero-sugar-caffeine-free-330ml-2-50x50.jpg","https://choco-yummy.com.ua/image/cache/catalog/Products/Napitki/Gazirovki/gazirovka-coca-cola-zero-sugar-caffeine-free-330ml-3-50x50.jpg","","https://choco-yummy.com.ua/ua/coca-cola-zero-sugar-caffeine-free-330ml","https://choco-yummy.com.ua/image/cache/catalog/Products/Napitki/Gazirovki/gazirovka-coca-cola-zero-sugar-caffeine-free-330ml-1-200x200.jpg","Газована вода Coca-Cola Zero Sugar Caffeine Free 330мл","Знайома і улюблена вами Coca-Cola, тільки без цукру та без кофеїну — версія Zero Sugar Caffeine Free..","0.0","179","грн.",""
"https://choco-yummy.com.ua/image/cache/catalog/Products/Napitki/Gazirovki/gazirovka_coca_cola_zero_sugar_340ml_2-50x50.jpg","https://choco-yummy.com.ua/image/cache/catalog/Products/Napitki/Gazirovki/gazirovka_coca_cola_zero_sugar_340ml_4-50x50.jpg","https://choco-yummy.com.ua/image/cache/catalog/Products/Napitki/Gazirovki/gazirovka_coca_cola_zero_sugar_340ml_3-50x50.jpg","https://choco-yummy.com.ua/ua/coca-cola-zero-sugar-355ml","https://choco-yummy.com.ua/image/cache/catalog/Products/Napitki/Gazirovki/gazirovka_coca_cola_zero_sugar_340ml_1-200x200.jpg","Газована вода Coca-Cola Zero Sugar Кока Кола Без Цукру 355мл","Посміхаєтеся?) Так-так-так-так!!! Це дієтична Кока Кола. Охолодіть Колу, додайте кубики льоду і зроб..","0.0","129","грн.",""
"","","","https://choco-yummy.com.ua/ua/dr.pepper-cream-soda","https://choco-yummy.com.ua/image/cache/catalog/Products/Napitki/Gazirovki/dr.pepper-cream-soda-200x200.jpg","Газована Вода Dr Pepper Cream Soda 355ml","Неповторний Доктор Пеппер!)⠀Рецепт приготування цього газування придумав фармацевт Чарльз Алдертон, ..","0.0","99","грн.",""
"","","","https://choco-yummy.com.ua/ua/drpepper-original","https://choco-yummy.com.ua/image/cache/catalog/589b8182-a106-46db-8f16-77f25db834c5-200x200.png","Газована вода Dr Pepper Original 330мл","Газований напій DR PEPPER! Рецепт приготування цієї газованої води придумав фармацевт Чарльз Ал..","4.7","59","грн.",""
"https://choco-yummy.com.ua/image/cache/catalog/Products/Napitki/Gazirovki/gazirovka-dr-pepper-strawberries-cream-330ml-4-50x50.jpg","https://choco-yummy.com.ua/image/cache/catalog/Products/Napitki/Gazirovki/gazirovka-dr-pepper-strawberries-cream-330ml-2-50x50.jpg","https://choco-yummy.com.ua/image/cache/catalog/Products/Napitki/Gazirovki/gazirovka-dr-pepper-strawberries-cream-330ml-1-50x50.jpg","https://choco-yummy.com.ua/ua/dr-pepper-strawberries-cream-330ml","https://choco-yummy.com.ua/image/cache/catalog/Products/Napitki/Gazirovki/gazirovka-dr-pepper-strawberries-cream-330ml-3-200x200.jpg","Газована вода Dr. Pepper Strawberries & Cream Полуниця і вершки 330мл","Легендарний Dr Pepper у версії Strawberries & Cream.Стильна тоненька банка зручно лежить у руці...","0.0","59","грн.",""
"https://choco-yummy.com.ua/image/cache/catalog/Products/Napitki/Gazirovki/gazirovka-dr-pepper-vanilla-float-long-330ml-3-2-50x50.jpg","https://choco-yummy.com.ua/image/cache/catalog/Products/Napitki/Gazirovki/gazirovka-dr-pepper-vanilla-float-long-330ml-3-1-50x50.jpg","https://choco-yummy.com.ua/image/cache/catalog/Products/Napitki/Gazirovki/gazirovka-dr-pepper-vanilla-float-long-330ml-3-3-50x50.jpg","https://choco-yummy.com.ua/ua/dr-pepper-vanilla-float-330ml","https://choco-yummy.com.ua/image/cache/catalog/Products/Napitki/Gazirovki/gazirovka-dr-pepper-vanilla-float-long-330ml-3-4-200x200.jpg","Газована вода Dr. Pepper Vanilla Float Ванільне морозиво 330мл","Dr Pepper поповнив класичну лінійку ще одним оригінальним варіантом. Традиційний рецепт із 23 інгред..","0.0","59","грн.",""
"https://choco-yummy.com.ua/image/cache/catalog/Products/Napitki/Gazirovki/gazirovka-drpepper-blackberry-355ml-3-50x50.jpg","https://choco-yummy.com.ua/image/cache/catalog/Products/Napitki/Gazirovki/gazirovka-drpepper-blackberry-355ml-5-50x50.jpg","https://choco-yummy.com.ua/image/cache/catalog/Products/Napitki/Gazirovki/gazirovka-drpepper-blackberry-355ml-4-50x50.jpg","https://choco-yummy.com.ua/ua/drpepper-blackberry-355ml","https://choco-yummy.com.ua/image/cache/catalog/Products/Napitki/Gazirovki/gazirovka-drpepper-blackberry-355ml-1-200x200.jpg","Газована вода Dr.Pepper Blackberry Ожина 355мл","Dr Pepper Blackberry - американська версія газованої води, яку у звичайних супермаркетах ви не зустр..","0.0","149","грн.",""
"https://choco-yummy.com.ua/image/cache/catalog/Products/Napitki/Gazirovki/gazirovka-fanta-diablo-crimson-cherry-330ml-2-50x50.jpg","https://choco-yummy.com.ua/image/cache/catalog/Products/Napitki/Gazirovki/gazirovka-fanta-diablo-crimson-cherry-330ml-3-50x50.jpg","https://choco-yummy.com.ua/image/cache/catalog/Products/Napitki/Gazirovki/gazirovka-fanta-diablo-crimson-cherry-330ml-1-50x50.jpg","https://choco-yummy.com.ua/ua/fanta-diablo-crimson-cherry-330ml","https://choco-yummy.com.ua/image/cache/catalog/Products/Napitki/Gazirovki/gazirovka-fanta-diablo-crimson-cherry-330ml-4-200x200.jpg","Газована вода Fanta Diablo Crimson Cherry 330 мл","Напій кольору крові...


Колекційна банка з унікальним дизайном — культові персонажі Diablo.

С..","0.0","149","грн.",""
"https://choco-yummy.com.ua/image/cache/catalog/Products/Napitki/Gazirovki/gazirovka-fanta-fruit-twist-330ml-3-50x50.jpg","https://choco-yummy.com.ua/image/cache/catalog/Products/Napitki/Gazirovki/gazirovka-fanta-fruit-twist-330ml-2-50x50.jpg","","https://choco-yummy.com.ua/ua/fanta-fruit-twist-330ml","https://choco-yummy.com.ua/image/cache/catalog/Products/Napitki/Gazirovki/gazirovka-fanta-fruit-twist-330ml-1-200x200.jpg","Газована вода Fanta Fruit Twist Мультифрукт 330мл","Яскрава, освіжаюча газована вода Fanta Fruit Twist створена, щоб підняти вам настрій.Фанта Мультифру..","0.0","","",""
"https://choco-yummy.com.ua/image/cache/catalog/Products/Napitki/Gazirovki/gazirovka-fanta-grape-asia-320ml-1-50x50.jpg","https://choco-yummy.com.ua/image/cache/catalog/Products/Napitki/Gazirovki/gazirovka-fanta-grape-asia-320ml-2-50x50.jpg","","https://choco-yummy.com.ua/ua/fanta-grape-asia-320ml","https://choco-yummy.com.ua/image/cache/catalog/Products/Napitki/Gazirovki/gazirovka-fanta-grape-asia-320ml-3-200x200.jpg","Газована вода Fanta Grape Asia 320мл","Фіолетова Fanta!Газована вода випущена для місцевого споживача і смак відрізняється від звичної Фант..","0.0","149","грн.",""
"https://choco-yummy.com.ua/image/cache/catalog/Products/Napitki/Gazirovki/gazirovka-fanta-grape-japan-500ml-1-50x50.jpg","","","https://choco-yummy.com.ua/ua/fanta-grape-japan-500ml","https://choco-yummy.com.ua/image/cache/catalog/Products/Napitki/Gazirovki/gazirovka-fanta-grape-japan-500ml-200x200.png","Газована вода Fanta Grape Japan Виноград 500мл","Стара добра Фанта, але японська!Шипучка з шаленим ароматом і смаком темного винограду.  Красивого ру..","0.0","169","грн.",""
"https://choco-yummy.com.ua/image/cache/catalog/Products/Napitki/Gazirovki/gazirovka-fanta-huong-xa-xi-sarsaparilla-vietnam-320ml-3-50x50.jpg","https://choco-yummy.com.ua/image/cache/catalog/Products/Napitki/Gazirovki/gazirovka-fanta-huong-xa-xi-sarsaparilla-vietnam-320ml-4-50x50.jpg","https://choco-yummy.com.ua/image/cache/catalog/Products/Napitki/Gazirovki/gazirovka-fanta-huong-xa-xi-sarsaparilla-vietnam-320ml-1-50x50.jpg","https://choco-yummy.com.ua/ua/fanta-huong-xa-xi-sarsaparilla-vietnam-320ml","https://choco-yummy.com.ua/image/cache/catalog/Products/Napitki/Gazirovki/gazirovka-fanta-huong-xa-xi-sarsaparilla-vietnam-320ml-2-200x200.jpg","Газована вода Fanta Huong Xa Xi Sarsaparilla Vietnam 320мл","А ви вже пили Фанту з сарсапарилою? Звучить, як чарівне зілля)Для любителів спробувати нові, незвича..","0.0","149","грн.",""
"https://choco-yummy.com.ua/image/cache/catalog/Products/Napitki/Gazirovki/gazirovka-fanta-orange-usa-zero-sugar-355ml-4-50x50.jpg","https://choco-yummy.com.ua/image/cache/catalog/Products/Napitki/Gazirovki/gazirovka-fanta-orange-usa-zero-sugar-355ml-2-50x50.jpg","https://choco-yummy.com.ua/image/cache/catalog/Products/Napitki/Gazirovki/gazirovka-fanta-orange-usa-zero-sugar-355ml-1-50x50.jpg","https://choco-yummy.com.ua/ua/fanta-orange-usa-zero-sugar-355ml","https://choco-yummy.com.ua/image/cache/catalog/Products/Napitki/Gazirovki/gazirovka-fanta-orange-usa-zero-sugar-355ml-3-200x200.jpg","Газована вода Fanta Orange USA Zero Sugar Апельсин 355мл","Легендарна Fanta Orange, але в легкій версії - БЕЗ цукру. Газована вода з тим же апельсиновим смаком..","0.0","99","грн.",""
"https://choco-yummy.com.ua/image/cache/catalog/Products/Napitki/Gazirovki/gazirovka-fanta-orange-xbox-ghost-call-duty-330ml-1-50x50.jpg","https://choco-yummy.com.ua/image/cache/catalog/Products/Napitki/Gazirovki/gazirovka-fanta-orange-xbox-ghost-call-duty-330ml-3-50x50.jpg","https://choco-yummy.com.ua/image/cache/catalog/Products/Napitki/Gazirovki/gazirovka-fanta-orange-xbox-ghost-call-duty-330ml-2-50x50.jpg","https://choco-yummy.com.ua/ua/fanta-orange-xbox-ghost-call-duty-330ml","https://choco-yummy.com.ua/image/cache/catalog/Products/Napitki/Gazirovki/gazirovka-fanta-orange-xbox-ghost-call-duty-330ml-4-200x200.jpg","Газована вода Fanta Orange Xbox Ghost Call of Duty 330мл","Лімітована серія банок, випущена у рамках партнерства Fanta та Xbox на честь 25-річчя Xbox.На банку ..","0.0","149","грн.",""
"https://choco-yummy.com.ua/image/cache/catalog/Products/Napitki/Gazirovki/fanta-grape1-50x50.jpeg","","","https://choco-yummy.com.ua/ua/fanta-grape","https://choco-yummy.com.ua/image/cache/catalog/Products/Napitki/Gazirovki/fanta-grape-200x200.jpg","Газована вода Fanta Виноград","Ексклюзивна Fanta зі смаком винограду вже готова порадувати вас!  газовану воду з таким см..","0.0","99","грн.",""
"https://choco-yummy.com.ua/image/cache/catalog/Products/Napitki/Gazirovki/gazirovka-hatakosen-ramune-soda-watermelon-500ml-1-50x50.jpg","","","https://choco-yummy.com.ua/ua/hata-soda-ramune-watermelon-500ml","https://choco-yummy.com.ua/image/cache/catalog/Products/Napitki/Gazirovki/gazirovka-hatakosen-ramune-soda-watermelon-500ml-2-200x200.jpg","Газована вода Hata Soda Ramune Watermelon Кавун 500мл","Чудова літня газована вода для тих, хто шукає нові смаки. У супермаркетах подібної ви не знайдете!Га..","0.0","199","грн.",""
"","","","https://choco-yummy.com.ua/ua/lady-boba-brown-sugar-bubble-tea","https://choco-yummy.com.ua/image/cache/catalog/Products/Napitki/Gazirovki/lady-boba-brown-sugar-bubble-tea-200x200.jpg","Газована Вода Lady Boba Brown Sugar Bubble Tea","Ця леді точно зведе вас з розуму)Lady Boba Brown Sugar Bubble Tea – це освіжаючий та сладкий напій, ..","0.0","","",""
"https://choco-yummy.com.ua/image/cache/catalog/Products/Napitki/Gazirovki/gazirovka-lotte-chilsung-cider-soda-250ml-1-50x50.jpg","https://choco-yummy.com.ua/image/cache/catalog/Products/Napitki/Gazirovki/gazirovka-lotte-chilsung-cider-soda-250ml-3-50x50.jpg","https://choco-yummy.com.ua/image/cache/catalog/Products/Napitki/Gazirovki/gazirovka-lotte-chilsung-cider-soda-250ml-8-50x50.jpg","https://choco-yummy.com.ua/ua/lotte-chilsung-cider-soda-250ml","https://choco-yummy.com.ua/image/cache/catalog/Products/Napitki/Gazirovki/gazirovka-lotte-chilsung-cider-soda-250ml-5-200x200.jpg","Газована вода Lotte Chilsung Cider Soda Сидр 250мл","Газована вода Lotte Chilsung Cider уже давно стала справжнім хітом у Південній Кореї.Якщо хочеться н..","0.0","69","грн.","https://choco-yummy.com.ua/image/cache/catalog/Products/Napitki/Gazirovki/gazirovka-lotte-chilsung-cider-soda-250-ml-1-50x50.jpg"
"https://choco-yummy.com.ua/image/cache/catalog/Products/Napitki/Raznie/energetik_mountain_dew_voltage_baja_blast_355ml_3-50x50.jpg","https://choco-yummy.com.ua/image/cache/catalog/Products/Napitki/Raznie/energetik_mountain_dew_voltage_baja_blast_355ml_1-50x50.jpg","","https://choco-yummy.com.ua/ua/mountain-dew-voltage-baja-blast-355ml","https://choco-yummy.com.ua/image/cache/catalog/Products/Napitki/Raznie/energetik_mountain_dew_voltage_baja_blast_355ml_2-200x200.jpg","Газована вода Mountain Dew Baja Blast Лайм Апельсин Ананас 355мл","Коли хочеться не просто випити газованої води, а зловити хвилю енергії, беріть Mountain Dew Baja Bla..","0.0","179","грн.",""
"https://choco-yummy.com.ua/image/cache/catalog/Products/Napitki/Gazirovki/gazirovka-mountain-dew-baja-cabo-citrus-355ml-1-50x50.jpg","https://choco-yummy.com.ua/image/cache/catalog/Products/Napitki/Gazirovki/gazirovka-mountain-dew-baja-cabo-citrus-355ml-2-50x50.jpg","https://choco-yummy.com.ua/image/cache/catalog/Products/Napitki/Gazirovki/gazirovka-mountain-dew-baja-cabo-citrus-355ml-3-50x50.jpg","https://choco-yummy.com.ua/ua/mountain-dew-baja-cabo-citrus-355ml","https://choco-yummy.com.ua/image/cache/catalog/Products/Napitki/Gazirovki/gazirovka-mountain-dew-baja-cabo-citrus-355ml-4-200x200.jpg","Газована вода Mountain Dew Baja Cabo Citrus 355мл","У банці — справжня відпустка)Напій червоно-помаранчевого кольору — шикарно виглядає в коктейлях і до..","0.0","179","грн.",""
"https://choco-yummy.com.ua/image/cache/catalog/Products/Napitki/Gazirovki/gazirovka-mountain-dew-code-red-355ml-2-50x50.jpg","https://choco-yummy.com.ua/image/cache/catalog/Products/Napitki/Gazirovki/gazirovka-mountain-dew-code-red-355ml-4-50x50.jpg","https://choco-yummy.com.ua/image/cache/catalog/Products/Napitki/Gazirovki/gazirovka-mountain-dew-code-red-355ml-1-50x50.jpg","https://choco-yummy.com.ua/ua/mountain-dew-code-red-355ml","https://choco-yummy.com.ua/image/cache/catalog/Products/Napitki/Gazirovki/gazirovka-mountain-dew-code-red-355ml-1-1-200x200.jpg","Газована вода Mountain Dew Code Red Вишня 355мл","Хороша!) Американська газована вода Mountain Dew Code Red - дуже смачний напій. Напій у міру солодки..","0.0","179","грн.",""
"https://choco-yummy.com.ua/image/cache/catalog/Products/Napitki/Gazirovki/gazirovka-mountain-dew-dragon-fruit-355ml-1-50x50.jpg","https://choco-yummy.com.ua/image/cache/catalog/Products/Napitki/Gazirovki/gazirovka-mountain-dew-dragon-fruit-355ml-3-50x50.jpg","https://choco-yummy.com.ua/image/cache/catalog/Products/Napitki/Gazirovki/gazirovka-mountain-dew-dragon-fruit-355ml-4-50x50.jpg","https://choco-yummy.com.ua/ua/mountain-dew-dragon-fruit-355ml","https://choco-yummy.com.ua/image/cache/catalog/Products/Napitki/Gazirovki/gazirovka-mountain-dew-dragon-fruit-355ml-5-200x200.jpg","Газована вода Mountain Dew Dragon Fruit Драконів фрукт 355мл","Екзотична версія легендарного Mountain Dew - Dragon Fruit - загадковий Драконів фрукт. Це яскравий с..","0.0","179","грн.","https://choco-yummy.com.ua/image/cache/catalog/Products/Napitki/Gazirovki/gazirovka-mountain-dew-dragon-fruit-355ml-2-50x50.jpg"
"https://choco-yummy.com.ua/image/cache/catalog/Products/Napitki/Raznie/gazirovka-mountain-dew-kickstart-energizing-orange-citrus-453ml-3-50x50.jpg","https://choco-yummy.com.ua/image/cache/catalog/Products/Napitki/Raznie/gazirovka-mountain-dew-kickstart-energizing-orange-citrus-453ml-4-50x50.jpg","https://choco-yummy.com.ua/image/cache/catalog/Products/Napitki/Raznie/gazirovka-mountain-dew-kickstart-energizing-orange-citrus-453ml-2-50x50.jpg","https://choco-yummy.com.ua/ua/mountain-dew-kickstart-energizing-orange-citrus-453ml","https://choco-yummy.com.ua/image/cache/catalog/Products/Napitki/Raznie/gazirovka-mountain-dew-kickstart-energizing-orange-citrus-453ml-1-200x200.jpg","Газована вода Mountain Dew Kickstart Energizing Orange Citrus Апельсин  Цитрус 453мл","Немає сил? Спробуйте Kickstart Orange Citrus від Mountain Dew. Кілька ковтків і рівень енергії підні..","0.0","249","грн.",""
"https://choco-yummy.com.ua/image/cache/catalog/Products/Napitki/Gazirovki/gazirovka-mountain-dew-pitch-black-330ml-2-50x50.jpg","https://choco-yummy.com.ua/image/cache/catalog/Products/Napitki/Gazirovki/gazirovka-mountain-dew-pitch-black-330ml-1-50x50.jpg","","https://choco-yummy.com.ua/ua/mountain-dew-pitch-black-330ml","https://choco-yummy.com.ua/image/cache/catalog/Products/Napitki/Gazirovki/gazirovka-mountain-dew-pitch-black-330ml-3-200x200.jpg","Газована вода Mountain Dew Pitch Black Виноград і Цитруси 330мл","Mountain Dew Pitch Black - культова газована вода з таємничою атмосферою. Вперше світ її побачив у 2..","0.0","99","грн.",""
"https://choco-yummy.com.ua/image/cache/catalog/Products/Napitki/Gazirovki/gazirovka-mountain-dew-pitch-black-500ml-2-50x50.jpg","https://choco-yummy.com.ua/image/cache/catalog/Products/Napitki/Gazirovki/gazirovka-mountain-dew-pitch-black-500ml-5-50x50.jpg","https://choco-yummy.com.ua/image/cache/catalog/Products/Napitki/Gazirovki/gazirovka-mountain-dew-pitch-black-500ml-3-50x50.jpg","https://choco-yummy.com.ua/ua/mountain-dew-pitch-black-500ml","https://choco-yummy.com.ua/image/cache/catalog/Products/Napitki/Gazirovki/gazirovka-mountain-dew-pitch-black-500ml-4-200x200.jpg","Газована вода Mountain Dew Pitch Black Виноград і Цитруси 500 мл","Mountain Dew Pitch Black - легендарна газована вода з атмосферою містики. Вперше її презентували в 2..","0.0","199","грн.",""
"https://choco-yummy.com.ua/image/cache/catalog/Products/Napitki/Gazirovki/gazirovka-mountain-dew-trolli-candy-zero-sugar-355ml-1-50x50.jpg","https://choco-yummy.com.ua/image/cache/catalog/Products/Napitki/Gazirovki/gazirovka-mountain-dew-trolli-candy-zero-sugar-355ml-6-50x50.jpg","https://choco-yummy.com.ua/image/cache/catalog/Products/Napitki/Gazirovki/gazirovka-mountain-dew-trolli-candy-zero-sugar-355ml-4-50x50.jpg","https://choco-yummy.com.ua/ua/mountain-dew-trolli-candy-zero-sugar-355ml","https://choco-yummy.com.ua/image/cache/catalog/Products/Napitki/Gazirovki/gazirovka-mountain-dew-trolli-candy-zero-sugar-355ml-3-200x200.jpg","Газована вода Mountain Dew Trolli Candy Cherry Lemon Zero Sugar Вишня Лимон 355мл","Пустотливий варіант шипучки для любителів цукерок)Культова газована вода доповнена смаком мармеладни..","0.0","199","грн.","https://choco-yummy.com.ua/image/cache/catalog/Products/Napitki/Gazirovki/gazirovka-mountain-dew-trolli-candy-zero-sugar-355ml-7-50x50.jpg"
"https://choco-yummy.com.ua/image/cache/catalog/Products/Napitki/Raznie/energetik_mountain_dew_voltage_raspberry_ginseng_355ml_4-50x50.jpg","https://choco-yummy.com.ua/image/cache/catalog/Products/Napitki/Raznie/energetik_mountain_dew_voltage_raspberry_ginseng_355ml_3-50x50.jpg","https://choco-yummy.com.ua/image/cache/catalog/Products/Napitki/Raznie/energetik_mountain_dew_voltage_raspberry_ginseng_355ml_2-50x50.jpg","https://choco-yummy.com.ua/ua/mountain-dew-voltage-raspberry-ginseng-355ml","https://choco-yummy.com.ua/image/cache/catalog/Products/Napitki/Raznie/energetik_mountain_dew_voltage_raspberry_ginseng_355ml_1-200x200.jpg","Газована вода Mountain Dew Voltage Raspberry Ginseng Малина Женьшень 355мл","Американська газована вода Mountain Dew Voltage - класний напій зі смаком соковитої малини та женьше..","0.0","199","грн.",""
"https://choco-yummy.com.ua/image/cache/catalog/Products/Napitki/Gazirovki/gazirovka-mountain-dew-zero-sugar-330ml-1-50x50.jpg","https://choco-yummy.com.ua/image/cache/catalog/Products/Napitki/Gazirovki/gazirovka-mountain-dew-zero-sugar-330ml-3-50x50.jpg","https://choco-yummy.com.ua/image/cache/catalog/Products/Napitki/Gazirovki/gazirovka-mountain-dew-zero-sugar-330ml-2-50x50.jpg","https://choco-yummy.com.ua/ua/mountain-dew-zero-sugar-330ml","https://choco-yummy.com.ua/image/cache/catalog/Products/Napitki/Gazirovki/gazirovka-mountain-dew-zero-sugar-330ml-4-200x200.jpg","Газована вода Mountain Dew Zero Sugar Цитрус Без цукру 330мл","Класичний Mountain Dew у форматі Zero Sugar, який вже має цілу армію шанувальників!Mountain Dew з'яв..","0.0","159","грн.",""
"","","","https://choco-yummy.com.ua/ua/pepsi-caffeine-free-diet-355ml","https://choco-yummy.com.ua/image/cache/catalog/693b231e1944b7f9-00012000008184-C1N1-200x200.png","Газована вода Pepsi Caffeine Free Diet Дієтична Без Кофеїну 355мл","У баночці Pepsi Caffeine Free Diet - ваша улюблена газована вода у фантастичній версії - Без Кофеїну..","0.0","199","грн.",""
"https://choco-yummy.com.ua/image/cache/catalog/Products/Napitki/Gazirovki/gazirovka-pepsi-cream-soda-zero-sugar-poland-330ml-5-50x50.jpg","https://choco-yummy.com.ua/image/cache/catalog/Products/Napitki/Gazirovki/gazirovka-pepsi-cream-soda-zero-sugar-poland-330ml-3-50x50.jpg","https://choco-yummy.com.ua/image/cache/catalog/Products/Napitki/Gazirovki/gazirovka-pepsi-cream-soda-zero-sugar-poland-330ml-1-50x50.jpg","https://choco-yummy.com.ua/ua/pepsi-cream-soda-zero-sugar-poland-330ml","https://choco-yummy.com.ua/image/cache/catalog/Products/Napitki/Gazirovki/gazirovka-pepsi-cream-soda-zero-sugar-poland-330ml-4-200x200.jpg","Газована вода Pepsi Cream Soda Zero Sugar Крем-Сода 330мл","Улюблена Pepsi, ніжна крем-сода та абсолютний Нуль Сахара! У банку лише 2 калорії.Банка стильна, тон..","0.0","149","грн.","https://choco-yummy.com.ua/image/cache/catalog/Products/Napitki/Gazirovki/gazirovka-pepsi-cream-soda-zero-sugar-poland-330ml-2-50x50.jpg"
"https://choco-yummy.com.ua/image/cache/catalog/Products/Napitki/Gazirovki/gazirovka-pepsi-gold-235ml-4-50x50.jpg","https://choco-yummy.com.ua/image/cache/catalog/Products/Napitki/Gazirovki/gazirovka-pepsi-gold-235ml-3-50x50.jpg","https://choco-yummy.com.ua/image/cache/catalog/Products/Napitki/Gazirovki/gazirovka-pepsi-gold-235ml-1-50x50.jpg","https://choco-yummy.com.ua/ua/pepsi-gold-235ml","https://choco-yummy.com.ua/image/cache/catalog/Products/Napitki/Gazirovki/gazirovka-pepsi-gold-235ml-5-200x200.jpg","Газована вода Pepsi Gold 235мл","Лімітована святкова версія класичної Pepsi. Напій випущено з нагоди святкування Китайського Нового р..","0.0","99","грн.","https://choco-yummy.com.ua/image/cache/catalog/Products/Napitki/Gazirovki/gazirovka-pepsi-gold-235ml-2-50x50.jpg"
"https://choco-yummy.com.ua/image/cache/catalog/Products/Napitki/Gazirovki/gazirovka-pepsi-prebiotic-cola-cherry-vanilla-355ml-6-50x50.jpg","https://choco-yummy.com.ua/image/cache/catalog/Products/Napitki/Gazirovki/gazirovka-pepsi-prebiotic-cola-cherry-vanilla-355ml-7-50x50.jpg","https://choco-yummy.com.ua/image/cache/catalog/Products/Napitki/Gazirovki/gazirovka-pepsi-prebiotic-cola-cherry-vanilla-355ml-3-50x50.jpg","https://choco-yummy.com.ua/ua/pepsi-prebiotic-cola-cherry-vanilla-355ml","https://choco-yummy.com.ua/image/cache/catalog/Products/Napitki/Gazirovki/gazirovka-pepsi-prebiotic-cola-cherry-vanilla-355ml-4-200x200.jpg","Газована вода Pepsi Prebiotic Cola Cherry Vanilla з пребіотиками 355мл","Вишнево-ванільна Pepsi повернулася! До того ж у корисній версії — з пребіотиками, які покращують тра..","0.0","199","грн.","https://choco-yummy.com.ua/image/cache/catalog/Products/Napitki/Gazirovki/gazirovka-pepsi-prebiotic-cola-cherry-vanilla-355ml-2-50x50.jpg"
"https://choco-yummy.com.ua/image/cache/catalog/Products/Napitki/Gazirovki/gazirovka-pepsi-prebiotic-cola-355ml-6-50x50.jpg","https://choco-yummy.com.ua/image/cache/catalog/Products/Napitki/Gazirovki/gazirovka-pepsi-prebiotic-cola-355ml-3-50x50.jpg","https://choco-yummy.com.ua/image/cache/catalog/Products/Napitki/Gazirovki/gazirovka-pepsi-prebiotic-cola-355ml-1-50x50.jpg","https://choco-yummy.com.ua/ua/pepsi-prebiotic-cola-355ml","https://choco-yummy.com.ua/image/cache/catalog/Products/Napitki/Gazirovki/gazirovka-pepsi-prebiotic-cola-355ml-4-200x200.jpg","Газована вода Pepsi Prebiotic Cola з пребіотиками 355мл","Пепсі-Кола нової ери!3 грами пребіотичної клітковини,5 грамів тростинного цукру,Чи є ви фанатом Peps..","0.0","199","грн.","https://choco-yummy.com.ua/image/cache/catalog/Products/Napitki/Gazirovki/gazirovka-pepsi-prebiotic-cola-355ml-5-50x50.jpg"
"https://choco-yummy.com.ua/image/cache/catalog/Products/Napitki/Gazirovki/gazirovka-pepsi-strawberries-n-cream-zero-sugar-330ml-2-50x50.jpg","https://choco-yummy.com.ua/image/cache/catalog/Products/Napitki/Gazirovki/gazirovka-pepsi-strawberries-n-cream-zero-sugar-330ml-4-50x50.jpg","https://choco-yummy.com.ua/image/cache/catalog/Products/Napitki/Gazirovki/gazirovka-pepsi-strawberries-n-cream-zero-sugar-330ml-5-50x50.jpg","https://choco-yummy.com.ua/ua/pepsi-strawberries-n-cream-zero-sugar-330ml","https://choco-yummy.com.ua/image/cache/catalog/Products/Napitki/Gazirovki/gazirovka-pepsi-strawberries-n-cream-zero-sugar-330ml-1-200x200.jpg","Газована вода Pepsi Strawberries “N” Cream Zero Sugar Полуничний крем 330мл","PEPSI Strawberries 'N' Cream - улюблене газування зі смаком десерту!Банка тонка, стильна, зручно леж..","0.0","149","грн.","https://choco-yummy.com.ua/image/cache/catalog/Products/Napitki/Gazirovki/gazirovka-pepsi-strawberries-n-cream-zero-sugar-330ml-3-50x50.jpg"
"https://choco-yummy.com.ua/image/cache/catalog/Products/Napitki/Gazirovki/gazirovka_pepsi_white_peach_oolong_330ml_4-50x50.jpg","https://choco-yummy.com.ua/image/cache/catalog/Products/Napitki/Gazirovki/gazirovka_pepsi_white_peach_oolong_330ml_1-50x50.jpg","https://choco-yummy.com.ua/image/cache/catalog/Products/Napitki/Gazirovki/gazirovka_pepsi_white_peach_oolong_330ml_3-50x50.jpg","https://choco-yummy.com.ua/ua/pepsi-white-peach-oolong-330ml","https://choco-yummy.com.ua/image/cache/catalog/Products/Napitki/Gazirovki/gazirovka_pepsi_white_peach_oolong_330ml_2-200x200.jpg","Газована вода Pepsi White Peach Oolong Білий Персик та Улун 330мл","Коли аромат чаю Улун зустрічається з найніжнішими відтінками білого персика - час зупиняється... Лег..","0.0","199","грн.",""
"https://choco-yummy.com.ua/image/cache/catalog/Products/Napitki/Gazirovki/gazirovka-sprite-chill-strawberry-kiwi-355ml-3-50x50.jpg","https://choco-yummy.com.ua/image/cache/catalog/Products/Napitki/Gazirovki/gazirovka-sprite-chill-strawberry-kiwi-355ml-4-50x50.jpg","https://choco-yummy.com.ua/image/cache/catalog/Products/Napitki/Gazirovki/gazirovka-sprite-chill-strawberry-kiwi-355ml-1-50x50.jpg","https://choco-yummy.com.ua/ua/sprite-chill-strawberry-kiwi-355ml","https://choco-yummy.com.ua/image/cache/catalog/Products/Napitki/Gazirovki/gazirovka-sprite-chill-strawberry-kiwi-355ml-2-200x200.jpg","Газована вода Sprite Chill Strawberry Kiwi Полуниця Ківі 355мл","Освіжаючий, підбадьорливий Sprite Chill із соковитою Полуницею, ніжним Ківі та легким морозним ефект..","0.0","","",""
"https://choco-yummy.com.ua/image/cache/catalog/Products/Napitki/Gazirovki/gazirovka_sprite_glass_1l_3-50x50.jpg","https://choco-yummy.com.ua/image/cache/catalog/Products/Napitki/Gazirovki/gazirovka_sprite_glass_1l_4-50x50.jpg","https://choco-yummy.com.ua/image/cache/catalog/Products/Napitki/Gazirovki/gazirovka_sprite_glass_1l_2-50x50.jpg","https://choco-yummy.com.ua/ua/sprite-glass-1l","https://choco-yummy.com.ua/image/cache/catalog/Products/Napitki/Gazirovki/gazirovka_sprite_glass_1l_1-200x200.jpg","Газована вода Sprite Glass Пляшка скло 1л","Де купити Спрайт? У нас в інтернет-магазині! Взагалі, газована вода Sprite давно не потребує предста..","0.0","299","грн.",""
"https://choco-yummy.com.ua/image/cache/catalog/Products/Napitki/Gazirovki/gazirovka-sprite-tea-lemon-355ml-4-50x50.jpg","https://choco-yummy.com.ua/image/cache/catalog/Products/Napitki/Gazirovki/gazirovka-sprite-tea-lemon-355ml-6-50x50.jpg","https://choco-yummy.com.ua/image/cache/catalog/Products/Napitki/Gazirovki/gazirovka-sprite-tea-lemon-355ml-3-50x50.jpg","https://choco-yummy.com.ua/ua/sprite-tea-lemon-flavor-drink-355ml","https://choco-yummy.com.ua/image/cache/catalog/Products/Napitki/Gazirovki/gazirovka-sprite-tea-lemon-355ml-7-200x200.jpg","Газована вода Sprite Tea Lemon Чай з Лимоном 355 мл","Класичну формулу Sprite доповнили нотками лимонного чаю. Газована вода легка, освіжаюча, з цитрусово..","0.0","","","https://choco-yummy.com.ua/image/cache/catalog/Products/Napitki/Gazirovki/gazirovka-sprite-tea-lemon-355ml-2-50x50.jpg"
"https://choco-yummy.com.ua/image/cache/catalog/Products/Napitki/Raznie/gazirovka-sprite-zero-sugar-mint-chill-lemon-lime-1250ml-3-50x50.jpg","https://choco-yummy.com.ua/image/cache/catalog/Products/Napitki/Raznie/gazirovka-sprite-zero-sugar-mint-chill-lemon-lime-1250ml-2-50x50.jpg","https://choco-yummy.com.ua/image/cache/catalog/Products/Napitki/Raznie/gazirovka-sprite-zero-sugar-mint-chill-lemon-lime-1250ml-1-1-50x50.jpg","https://choco-yummy.com.ua/ua/sprite-zero-sugar-mint-chill-lemon-lime-1250ml","https://choco-yummy.com.ua/image/cache/catalog/Products/Napitki/Raznie/gazirovka-sprite-zero-sugar-mint-chill-lemon-lime-1250ml-4-200x200.jpg","Газована вода Sprite Zero Sugar Mint Chill Лимон-Лайм 1.25л","Sprite Chill — перший у світі напій із охолоджувальним ефектом. Відчуття прохолоди наростає від перш..","0.0","299","грн.",""
"https://choco-yummy.com.ua/image/cache/catalog/Products/Napitki/Gazirovki/gazirovka-ultrapop-dragon-ball-drink-strawberry-banana-330ml-6-50x50.jpg","https://choco-yummy.com.ua/image/cache/catalog/Products/Napitki/Gazirovki/gazirovka-ultrapop-dragon-ball-drink-strawberry-banana-330ml-5-50x50.jpg","https://choco-yummy.com.ua/image/cache/catalog/Products/Napitki/Gazirovki/gazirovka-ultrapop-dragon-ball-drink-strawberry-banana-330ml-4-50x50.jpg","https://choco-yummy.com.ua/ua/ultrapop-dragon-ball-drink-strawberry-banana-330ml","https://choco-yummy.com.ua/image/cache/catalog/Products/Napitki/Gazirovki/gazirovka-ultrapop-dragon-ball-drink-strawberry-banana-330ml-1-200x200.jpg","Газована вода Ultrapop Dragon Ball Drink Strawberry & Banana 330мл","Спеціальна версія газованої води Ultrapop у стилі Dragon Ball.Банка найкрутіша — із зображенням само..","0.0","179","грн.","https://choco-yummy.com.ua/image/cache/catalog/Products/Napitki/Gazirovki/gazirovka-ultrapop-dragon-ball-drink-strawberry-banana-330ml-3-50x50.jpg"
"https://choco-yummy.com.ua/image/cache/catalog/Products/Napitki/Gazirovki/gazirovka-ultrapop-one-piece-soda-luffy-lemon-strawberry-330ml-1-50x50.jpg","https://choco-yummy.com.ua/image/cache/catalog/Products/Napitki/Gazirovki/gazirovka-ultrapop-one-piece-soda-1-50x50.jpg","","https://choco-yummy.com.ua/ua/ultrapop-one-piece-soda-luffy-lemon-strawberry-330ml","https://choco-yummy.com.ua/image/cache/catalog/Products/Napitki/Gazirovki/gazirovka-ultrapop-one-piece-soda-luffy-lemon-strawberry-330ml-2-200x200.jpg","Газована вода Ultrapop One Piece Soda Luffy Lemon & Strawberry Лимон і Полуниця 330мл","Спеціальна версія газованої води Ultrapop для любителів серіалу One Piece.Банка крута, в стилі «One ..","0.0","179","грн.",""
"https://choco-yummy.com.ua/image/cache/catalog/Products/Napitki/Gazirovki/gazirovka_warheads_sour_peach_soda_355ml_3-50x50.jpg","https://choco-yummy.com.ua/image/cache/catalog/Products/Napitki/Gazirovki/gazirovka_warheads_sour_peach_soda_355ml_2-50x50.jpg","","https://choco-yummy.com.ua/ua/warheads-sour-peach-soda-355ml","https://choco-yummy.com.ua/image/cache/catalog/Products/Napitki/Gazirovki/gazirovka_warheads_sour_peach_soda_355ml_1-200x200.jpg","Газована вода Warheads Sour Peach Soda Персик 355мл","Від цукерок іноді треба відпочивати і... пити газовану воду!) Зі смаком улюблених карамельок)Банки г..","0.0","79","грн.",""
"","","","https://choco-yummy.com.ua/ua/warheads-sour-black-cherry-soda","https://choco-yummy.com.ua/image/cache/catalog/Products/Napitki/Gazirovki/warheads-sour-black-cherry-soda-200x200.jpg","Газована вода Warheads Sour! Black Cherry Soda","Warheads Sour! Black Cherry Soda - содова зі смаком соковитої вишні від найпопулярнішого американськ..","0.0","79","грн.",""
"","","","https://choco-yummy.com.ua/ua/warheads-sour-blue-raspberry-soda","https://choco-yummy.com.ua/image/cache/catalog/Products/Napitki/Gazirovki/warheads-sour-blue-raspberry-soda-200x200.jpg","Газована вода Warheads Sour! Blue Raspberry Soda","Warheads Sour! Blue Raspberry Soda - содова зі смаком ожини від найпопулярнішого американського брен..","0.0","79","грн.",""
"","","","https://choco-yummy.com.ua/ua/warheads-sour-green-apple-soda","https://choco-yummy.com.ua/image/cache/catalog/Products/Napitki/Gazirovki/warheads-sour-green-apple-soda-200x200.png","Газована вода Warheads SOUR! Green Apple Soda","Warheads SOUR! Green Apple Soda - фантастична содова зі смаком зеленого яблука від найпопулярнішого ..","0.0","79","грн.",""
"","","","https://choco-yummy.com.ua/ua/watermelonwarheads","https://choco-yummy.com.ua/image/cache/catalog/Products/Napitki/Gazirovki/gazirovannyy-napitok-warheads-sour-black-cherry-so-vkusom-kisloy-vishni-355-ml7-200x200.jpg","Газована вода Warheads Sour! Watermelon Soda","Warheads Sour! Watermelon Soda - содова зі смаком кавуна від найпопулярнішого американського бренду ..","0.0","79","грн.",""
"https://choco-yummy.com.ua/image/cache/catalog/Anew/%D0%BD%D0%BE%D1%8F%D0%B1%D1%80%D1%8C/from%2027.11/1-18/15-kinder/02-pooh/harpor/03-ricola/11-mms/05-Mikolaje%20Czekoladowe/7777/fanta-chucky-forest-berries-zero-sugar-500ml-2-50x50.png","https://choco-yummy.com.ua/image/cache/catalog/Anew/%D0%BD%D0%BE%D1%8F%D0%B1%D1%80%D1%8C/from%2027.11/1-18/15-kinder/02-pooh/harpor/03-ricola/11-mms/05-Mikolaje%20Czekoladowe/7777/fanta-chucky-forest-berries-zero-sugar-500ml-3-50x50.png","https://choco-yummy.com.ua/image/cache/catalog/Anew/%D0%BD%D0%BE%D1%8F%D0%B1%D1%80%D1%8C/from%2027.11/1-18/15-kinder/02-pooh/harpor/03-ricola/11-mms/05-Mikolaje%20Czekoladowe/7777/fanta-chucky-forest-berries-zero-sugar-500ml-4-50x50.png","https://choco-yummy.com.ua/ua/fanta-chucky-forest-berries-zero-sugar-500ml","https://choco-yummy.com.ua/image/cache/catalog/Anew/%D0%BD%D0%BE%D1%8F%D0%B1%D1%80%D1%8C/from%2027.11/1-18/15-kinder/02-pooh/harpor/03-ricola/11-mms/05-Mikolaje%20Czekoladowe/7777/fanta-chucky-forest-berries-zero-sugar-500ml-1-200x200.png","Газована вода без цукру Fanta Chucky Forest Berries Zero Sugar зі смаком лісових ягід 330мл.","Газировка Fanta Chucky Forest Berries Zero Sugar 330мл — ягідний вибух без цукру, який бадьорить з п..","0.0","179","грн.",""
"https://choco-yummy.com.ua/image/cache/catalog/Products/Napitki/Raznie/gazirovka-qdol-spongebob-squarepants-330ml-16-50x50.jpg","https://choco-yummy.com.ua/image/cache/catalog/Products/Napitki/Raznie/gazirovka-qdol-spongebob-squarepants-330ml-7-50x50.jpg","https://choco-yummy.com.ua/image/cache/catalog/Products/Napitki/Raznie/gazirovka-qdol-spongebob-squarepants-330ml-18-50x50.jpg","https://choco-yummy.com.ua/ua/qdol-spongebob-squarepants-citrus-flavor-soda-330ml","https://choco-yummy.com.ua/image/cache/catalog/Products/Napitki/Raznie/gazirovka-qdol-spongebob-squarepants-330ml-6-200x200.jpg","Газована вода Губка Боб Qdol Spongebob Squarepants Citrus Цитрус Равлик Гері 330мл","MIAOW... і всім гарного дня! Мовчазний Гері знає, що освіжаюча содова - це чудовий вибір. У цій бано..","0.0","199","грн.",""
"https://choco-yummy.com.ua/image/cache/catalog/Products/Napitki/Raznie/gazirovka-qdol-spongebob-squarepants-330ml-3-1-50x50.jpg","https://choco-yummy.com.ua/image/cache/catalog/Products/Napitki/Raznie/gazirovka-qdol-spongebob-squarepants-330ml-7-50x50.jpg","https://choco-yummy.com.ua/image/cache/catalog/Products/Napitki/Raznie/gazirovka-qdol-spongebob-squarepants-330ml-18-50x50.jpg","https://choco-yummy.com.ua/ua/qdol-spongebob-squarepants-grape-flavor-soda-330ml","https://choco-yummy.com.ua/image/cache/catalog/Products/Napitki/Raznie/gazirovka-qdol-spongebob-squarepants-330ml-5-200x200.jpg","Газована вода Губка Боб Qdol Spongebob Squarepants Grape Виноград Сквідвард 330 мл","«Ну нарешті щось гідне...» Саме так сказав би саркастичний Сквідвард, спробувавши цю газовану воду. ..","0.0","199","грн.",""
"https://choco-yummy.com.ua/image/cache/catalog/Products/Napitki/Raznie/gazirovka-qdol-spongebob-squarepants-330ml-1-1-50x50.jpg","https://choco-yummy.com.ua/image/cache/catalog/Products/Napitki/Raznie/gazirovka-qdol-spongebob-squarepants-330ml-7-50x50.jpg","https://choco-yummy.com.ua/image/cache/catalog/Products/Napitki/Raznie/gazirovka-qdol-spongebob-squarepants-330ml-18-50x50.jpg","https://choco-yummy.com.ua/ua/qdol-spongebob-squarepants-lychee-flavor-soda-330ml","https://choco-yummy.com.ua/image/cache/catalog/Products/Napitki/Raznie/gazirovka-qdol-spongebob-squarepants-330ml-3-200x200.jpg","Газована вода Губка Боб Qdol Spongebob Squarepants Lychee Лічі Містер Крабс 330мл","Містер Крабс явно задоволений... Тому що ця газована вода - справжній скарб! А в банці - шипуча содо..","0.0","199","грн.",""
"https://choco-yummy.com.ua/image/cache/catalog/Products/Napitki/Raznie/gazirovka-qdol-spongebob-squarepants-330ml-13-50x50.jpg","https://choco-yummy.com.ua/image/cache/catalog/Products/Napitki/Raznie/gazirovka-qdol-spongebob-squarepants-330ml-7-50x50.jpg","https://choco-yummy.com.ua/image/cache/catalog/Products/Napitki/Raznie/gazirovka-qdol-spongebob-squarepants-330ml-18-50x50.jpg","https://choco-yummy.com.ua/ua/qdol-spongebob-squarepants-strawberry-flavor-soda-330ml","https://choco-yummy.com.ua/image/cache/catalog/Products/Napitki/Raznie/gazirovka-qdol-spongebob-squarepants-330ml-1-200x200.jpg","Газована вода Губка Боб Qdol Spongebob Squarepants Strawberry Полуниця Сенді Чікс 330мл","Техаська білка Сенді Чікс пропонує всім зарядитися літнім настроєм! У цій баночці Полунична газована..","0.0","199","грн.",""
"https://choco-yummy.com.ua/image/cache/catalog/Products/Napitki/Gazirovki/qdol-pokemon-sparkling-water-330ml-16-50x50.jpg","https://choco-yummy.com.ua/image/cache/catalog/Products/Napitki/Gazirovki/qdol-pokemon-sparkling-water-330ml-10-50x50.jpg","https://choco-yummy.com.ua/image/cache/catalog/Products/Napitki/Gazirovki/qdol-pokemon-sparkling-water-330ml-11-50x50.jpg","https://choco-yummy.com.ua/ua/qdol-pokemon-sparkling-water-citrus-squirtle-330ml","https://choco-yummy.com.ua/image/cache/catalog/Products/Napitki/Gazirovki/qdol-pokemon-sparkling-water-330ml-6-1-200x200.jpg","Газована вода Покемони Qdol Pokemon Citrus Squirtle Цитрус Сквіртл 330мл","Газована вода Покемони Qdol Pokemon Citrus Squirtle Цитрус Сквіртл 330мл..","0.0","199","грн.","https://choco-yummy.com.ua/image/cache/catalog/Products/Napitki/Gazirovki/qdol-pokemon-sparkling-water-330ml-13-50x50.jpg"
"https://choco-yummy.com.ua/image/cache/catalog/Products/Napitki/Gazirovki/qdol-pokemon-sparkling-water-330ml-23-50x50.jpg","https://choco-yummy.com.ua/image/cache/catalog/Products/Napitki/Gazirovki/qdol-pokemon-sparkling-water-330ml-10-50x50.jpg","https://choco-yummy.com.ua/image/cache/catalog/Products/Napitki/Gazirovki/qdol-pokemon-sparkling-water-330ml-11-50x50.jpg","https://choco-yummy.com.ua/ua/qdol-pokemon-sparkling-water-grape-bulbasaur-330ml","https://choco-yummy.com.ua/image/cache/catalog/Products/Napitki/Gazirovki/qdol-pokemon-sparkling-water-330ml-5-1-200x200.jpg","Газована вода Покемони Qdol Pokemon Grape Bulbasaur Виноград Бульбозавр 330мл","Газована вода Покемони Qdol Pokemon Grape Bulbasaur Виноград Бульбозавр 330мл..","0.0","199","грн.","https://choco-yummy.com.ua/image/cache/catalog/Products/Napitki/Gazirovki/qdol-pokemon-sparkling-water-330ml-13-50x50.jpg"
"https://choco-yummy.com.ua/image/cache/catalog/Products/Napitki/Gazirovki/qdol-pokemon-sparkling-water-330ml-18-50x50.jpg","https://choco-yummy.com.ua/image/cache/catalog/Products/Napitki/Gazirovki/qdol-pokemon-sparkling-water-330ml-10-50x50.jpg","https://choco-yummy.com.ua/image/cache/catalog/Products/Napitki/Gazirovki/qdol-pokemon-sparkling-water-330ml-11-50x50.jpg","https://choco-yummy.com.ua/ua/qdol-pokemon-sparkling-water-lime-pikachu-330ml","https://choco-yummy.com.ua/image/cache/catalog/Products/Napitki/Gazirovki/qdol-pokemon-sparkling-water-330ml-4-1-200x200.jpg","Газована вода Покемони Qdol Pokemon Lime Pikachu Лайм Пікачу 330мл","Газована вода Покемони Qdol Pokemon Lime Pikachu Лайм Пікачу 330мл..","0.0","199","грн.","https://choco-yummy.com.ua/image/cache/catalog/Products/Napitki/Gazirovki/qdol-pokemon-sparkling-water-330ml-13-50x50.jpg"
"https://choco-yummy.com.ua/image/cache/catalog/Products/Napitki/Gazirovki/qdol-pokemon-sparkling-water-330ml-27-50x50.jpg","https://choco-yummy.com.ua/image/cache/catalog/Products/Napitki/Gazirovki/qdol-pokemon-sparkling-water-330ml-10-50x50.jpg","https://choco-yummy.com.ua/image/cache/catalog/Products/Napitki/Gazirovki/qdol-pokemon-sparkling-water-330ml-11-50x50.jpg","https://choco-yummy.com.ua/ua/qdol-pokemon-sparkling-water-lychee-charmander-330ml","https://choco-yummy.com.ua/image/cache/catalog/Products/Napitki/Gazirovki/qdol-pokemon-sparkling-water-330ml-1-1-200x200.jpg","Газована вода Покемони Qdol Pokemon Lychee Charmander Лічі Чармандер 330мл","Газована вода Покемони Qdol Pokemon Lychee Charmander Лічі Чармандер 330мл..","0.0","199","грн.","https://choco-yummy.com.ua/image/cache/catalog/Products/Napitki/Gazirovki/qdol-pokemon-sparkling-water-330ml-13-50x50.jpg"
"https://choco-yummy.com.ua/image/cache/catalog/Products/Napitki/Gazirovki/qdol-pokemon-sparkling-water-330ml-24-50x50.jpg","https://choco-yummy.com.ua/image/cache/catalog/Products/Napitki/Gazirovki/qdol-pokemon-sparkling-water-330ml-10-50x50.jpg","https://choco-yummy.com.ua/image/cache/catalog/Products/Napitki/Gazirovki/qdol-pokemon-sparkling-water-330ml-11-50x50.jpg","https://choco-yummy.com.ua/ua/qdol-pokemon-sparkling-water-peach-jigglypuff-330ml","https://choco-yummy.com.ua/image/cache/catalog/Products/Napitki/Gazirovki/qdol-pokemon-sparkling-water-330ml-3-1-200x200.jpg","Газована вода Покемони Qdol Pokemon Peach Jigglypuff Персик Джиггліпуфф 330мл","Газована вода Покемони Qdol Pokemon Peach Jigglypuff Персик Джиггліпуфф 330мл..","0.0","199","грн.","https://choco-yummy.com.ua/image/cache/catalog/Products/Napitki/Gazirovki/qdol-pokemon-sparkling-water-330ml-13-50x50.jpg"
